data inicial semana,umidmin,umidmed,umidmax,tempmin,tempmed,tempmax,precipitacao total,casos,month
2025-03-30,57.515423385643054,80.53559690917861,96.54570589079728,15.388877967907447,28.72664837269357,25.9003465211533,114.5183611265125,0,Mar
2025-03-23,54.32596655675579,98.346928061488,97.90118521578884,16.877879072918955,27.062484240272475,30.33107360480323,50.84383602189626,0,Mar
2025-03-16,66.3250191143354,88.20030382652234,72.59560832547042,16.273882857906674,27.367347976686567,34.41614436932973,79.9648002209236,0,Mar
2025-03-09,51.77483230712349,96.09692076582836,79.6878844749536,15.942186753505066,22.586765596414487,33.68259659886182,138.85163734813318,0,Mar
2025-03-02,74.53844879477525,65.65237675372653,77.37740019276116,16.893144647856452,28.943579573775214,26.108591812417178,117.70935055855696,0,Mar
2025-02-23,82.75568122822682,66.00191810085396,79.4688783709353,16.79173630482744,28.881242636153814,27.32126050797746,177.08501482346776,0,Feb
2025-02-16,55.902495252605206,86.58935998380315,84.90706893303077,20.14947854738152,23.748163773405988,27.810402233204822,30.85557469725117,0,Feb
2025-02-09,59.87093148760994,99.89917026748464,98.95988257144096,15.04759260527617,27.24092000669162,28.848803401655,186.1491915125333,0,Feb
2025-02-02,63.77193136511036,62.91346894995598,82.94254844698183,23.358952157358637,23.115362066644057,30.948494139631308,93.06332210101654,0,Feb
2025-01-26,52.95327604200578,63.015983566205016,87.87879913193052,22.733235483456472,29.1583267292663,30.425487630252164,79.31243420137018,0,Jan
2025-01-19,64.66595050827483,83.10007571736597,81.75887301088493,17.533459820691096,20.782704311831267,31.57818928495553,1.1012735088159251,0,Jan
2025-01-12,60.55986186557113,98.7570983642658,70.63727798985312,21.426202452388832,26.92127991767668,27.76275431185688,29.81779363596184,0,Jan
2025-01-05,50.64054988836368,86.9391017046866,72.64813463433704,20.26052423232479,22.96009004962947,29.272014238271677,102.8972190983466,0,Jan
2024-12-29,56.48562475155141,91.61120594119868,78.10029925236182,18.47000023824911,24.03533132149149,25.553856801664477,61.91913341718187,0,Dec
2024-12-22,93.42678867178576,97.866556628292,98.27298020501487,21.8364102105748,24.641064591042205,34.04054650254777,141.04903354482167,0,Dec
2024-12-15,80.4030834175709,65.96213689666529,89.75029405965213,17.18192034617227,27.349609507143654,28.21550919310275,90.94125057521524,0,Dec
2024-12-08,83.005732961641,89.50541732102485,93.66007973501002,20.162951457975183,26.000443125992614,27.78424268773786,149.4792193223284,0,Dec
2024-12-01,86.07473632445749,98.89914252678628,78.96492416537586,22.88702636649129,21.975332690694657,27.05022271287132,174.7891486046143,0,Dec
2024-11-24,57.99407664576227,77.07929594095305,71.68270666100699,21.090335954949367,21.92178696177728,30.897713618271524,79.24962254853938,0,Nov
2024-11-17,65.62304569735831,68.95148538026609,73.88013003877889,16.971758632754817,29.8431309992277,34.28687884596958,77.96891047032537,0,Nov
2024-11-10,68.75767973840853,88.06061539209679,78.07330016180077,18.98880870556895,25.34751058932652,34.15055673924413,47.56788914266777,0,Nov
2024-11-03,78.001939662484,96.3197324871528,85.99599613830553,19.151817285322743,21.60909446114342,29.74228665086855,84.74187339602166,0,Nov
2024-10-27,72.56374244778785,73.30195709747721,74.14790805703721,18.43950141879385,27.54692176478201,26.62266706009912,197.2185964860608,0,Oct
2024-10-20,60.582121392901385,68.32627406050392,83.91956883956367,19.498411884478067,27.82730277108002,30.339616976517192,89.21954839358928,0,Oct
2024-10-13,54.8129513394023,72.89672803054485,75.01324766476338,21.70462409972349,23.87853615715737,28.509165100135174,144.97079275161295,0,Oct
2024-10-06,88.6339892582602,85.35748291555299,75.30199970408451,19.558639009455053,23.42404088795032,34.25712745790331,46.19491572083008,0,Oct
2024-09-29,76.80216716111782,77.36728355796791,98.72890402050211,15.982452361301036,27.141682923624003,34.985686927305906,35.367618958501225,0,Sep
2024-09-22,81.02403989729171,80.72363798653231,89.34415841855629,18.001718079814857,26.0946457329566,33.03426616478058,192.06666084335484,0,Sep
2024-09-15,84.47868232135886,64.12017723584657,90.6046270634819,23.159626151604435,29.98049082087364,29.87779441435361,189.45594073210037,0,Sep
2024-09-08,98.58667099502956,87.53069892309793,90.94872180347431,24.66810381190846,24.3248675671712,27.51856994611503,147.1771090905768,0,Sep
2024-09-01,86.76055687173974,95.1913422894636,81.20234595458003,17.284118053513332,20.846663918195052,29.5756248813196,2.439642751339477,0,Sep
2024-08-25,61.632292080762696,90.03877694282619,82.82877089200917,15.175019810771245,21.707885887887624,26.955369536695947,90.3544863774781,0,Aug
2024-08-18,50.09057336899119,60.29723687127681,71.98976419291475,24.043408156325988,26.201325912947784,25.916498259764086,55.35993086752167,0,Aug
2024-08-11,98.89008577241133,73.25775678816592,78.59603009095147,19.35632626545344,25.701374914789803,29.49090673391057,121.10132104626403,0,Aug
2024-08-04,63.147358048010574,85.26801459541494,91.31922094870862,17.11766556824204,28.095825825421077,25.74019428686051,3.5902349285982904,0,Aug
2024-07-28,82.50896798950572,81.1064630839661,76.91099497916268,20.65461551247097,22.34113085502211,31.228178291016903,40.151813182333896,0,Jul
2024-07-21,96.69711826412946,91.267422373608,92.67445164448456,23.41946694728405,25.378042209660247,34.31448300817099,115.3397898882032,0,Jul
2024-07-14,97.6381381110755,70.6516229313336,81.97234236520055,17.549869399624253,20.191880991985236,28.13558297734413,0.8461352622126661,0,Jul
2024-07-07,86.38333222195855,79.28788972587378,76.11529385735483,18.5301480926828,24.59066552886178,31.07583256990749,77.80639297431627,0,Jul
2024-06-30,74.54585518962824,66.86217970291625,81.30505733355167,22.99840661442827,24.770296255298128,26.05648707974219,152.7444431472259,0,Jun
2024-06-23,92.57865774188114,66.62070896816068,70.18218922343846,18.4219646023106,23.237297760482303,32.1894705804994,29.53008719104011,0,Jun
2024-06-16,77.99156763662803,89.96579645126562,91.31670689549496,21.196175142386068,23.90929913127228,30.811792514535203,96.46817981154908,0,Jun
2024-06-09,53.7009702642936,80.20489597009478,92.76301890255924,19.16570007466417,29.11878786438824,27.950166963967103,135.78316079741415,0,Jun
2024-06-02,53.12969517804685,93.96726501984668,77.1346062406411,18.44537797222869,22.999817696524868,33.97301503162961,40.50940300113932,0,Jun
2024-05-26,92.60333401025588,93.78020701963474,81.40665646754695,22.273402311040496,29.22314275379824,34.90131461713372,149.9610903099969,0,May
2024-05-19,89.29762529151594,66.57985883792257,99.35683747678056,20.68553759347306,21.48784711824853,33.52677848729896,83.90167528692392,0,May
2024-05-12,66.66234871429828,87.34018947979193,78.37111841469358,22.814066386883773,26.722245472342312,31.506535349388862,117.05276556891026,0,May
2024-05-05,58.64917630549616,95.61547747690584,93.26248989344532,20.311007901352085,22.87879630862318,30.270659675527032,118.16518627664384,0,May
2024-04-28,82.60898028799292,78.48667550654363,91.90219662614572,21.23064959365501,21.904281989580245,26.43395749314784,135.97663524958728,0,Apr
2024-04-21,90.7366940820801,99.3222934586036,98.7680366217347,15.089110353693725,21.731135276602597,27.592745391868156,7.397133284354185,0,Apr
2024-04-14,59.09437885912765,62.0445278514333,75.59463051295779,20.989187284980986,24.078176845424267,34.3286777130745,112.6111870538637,0,Apr
2024-04-07,89.4660401530493,75.68941722405722,86.06218628947389,20.315205742520572,25.14912404668436,27.226719218177166,102.11805035400803,0,Apr
2024-03-31,79.57028580804429,66.92023725702785,85.94254957266865,18.221042764699828,23.64462418873042,26.964443782643148,9.753137087915032,0,Mar
2024-03-24,60.76386475746221,61.72024346649809,99.67874042433392,16.458180615792074,24.51138838360942,27.45784301728324,159.91850755163048,0,Mar
2024-03-17,79.7800563688072,76.34575842908184,97.3347516809726,21.800371538126463,21.421206924309622,32.16289037692008,158.54554302875243,0,Mar
2024-03-10,89.75421530598868,88.70365115237183,70.5673742360898,19.33170641016929,20.04558206607771,33.65917085484131,43.049642619156295,0,Mar
2024-03-03,83.2493895799197,84.71055887732629,87.57950573356212,18.844260323433893,26.82968022585056,28.372004646667197,117.34632656803406,0,Mar
2024-02-25,83.45362112838049,61.71738979281342,84.94079669416195,23.67252828439049,28.605426659373627,26.12303742116908,189.9567765082827,0,Feb
2024-02-18,79.85371016763612,67.44408174252676,71.54598848555487,18.70279931836474,23.65767203291646,31.556288072769423,95.80719921729002,0,Feb
2024-02-11,86.8712233606887,90.15374369523902,81.75498094486194,22.250355163377385,27.56973249283099,32.44119319063081,69.98399032161502,0,Feb
2024-02-04,91.197698413736,84.42373709841415,83.75295382373328,22.973612000475136,28.46378727256571,28.91268309177024,82.33962572625306,0,Feb
2024-01-28,89.8564020319621,64.00199131915542,84.6669750870339,18.951502245077847,29.14650833051284,30.058528687720045,181.93835137626127,0,Jan
2024-01-21,73.01597290926804,99.67844526252324,82.09264962393695,19.81850906400904,22.269506730588382,27.241800252185413,61.86246753874636,0,Jan
2024-01-14,95.31020405072807,85.93702621295434,85.82220523229196,23.264637781655395,24.708136516500367,34.502668353468835,76.21119325653349,0,Jan
2024-01-07,96.75476748027774,81.9996222285528,85.36628238377203,18.419899490888344,28.642891292957607,31.05975865428297,136.7350235692782,0,Jan
2023-12-31,86.13338634729395,83.37784622820216,75.75139882560903,21.173123615581552,24.88791226181837,26.936523599299846,195.9060439461564,0,Dec
2023-12-24,88.50641461446989,81.87809663580622,76.2613215627164,20.839705503649192,20.79549976874285,26.807735938986387,98.04215378920516,0,Dec
2023-12-17,83.13888180403409,71.2424423664323,70.32846536732902,24.809950196688035,29.449690830554434,28.49960641961285,140.04901297345302,0,Dec
2023-12-10,95.714148305685,95.87299009885658,71.01950448382023,17.285593197645383,27.432328227908947,28.732088022450675,119.32859248479414,0,Dec
2023-12-03,86.59409670496049,75.27720997237643,87.08709787114404,24.706408094734044,20.6212262112551,33.889602444556246,190.6538174946988,0,Dec
2023-11-26,66.78909094907958,85.2212472385901,98.78673448898395,24.43926255818063,24.1383323789041,34.71210053556093,101.58586461833067,0,Nov
2023-11-19,91.24969110589689,62.388257651813845,94.8417500057328,19.202657017664496,29.990638634543476,34.91408073745171,108.55350106489506,0,Nov
2023-11-12,92.98364485659164,81.95454911223055,97.64638454437134,18.102677218950337,26.59527568310551,26.191784605700235,72.83727821328385,0,Nov
2023-11-05,81.7343074682831,99.76012361037954,72.8403365074673,16.183310657843197,28.79813649582247,34.272617293150056,1.9444343098236505,0,Nov
2023-10-29,58.41386250276527,63.8772078730155,78.46487521782404,17.339927770674976,26.032476546440357,29.407367852591275,154.51791017488551,0,Oct
2023-10-22,86.33241517155763,85.51253084257493,70.50203141145538,22.16154535311913,26.15447092891353,29.01525999718355,158.6132636701817,0,Oct
2023-10-15,88.50687534969049,89.26411491074869,94.89978481759512,22.86025619728276,23.69090440584001,27.11212013618262,33.61931057533825,0,Oct
2023-10-08,74.75267597280637,84.2479075611007,93.99625590072944,18.1148385809587,20.367403311057345,28.706282279753804,152.86259897873532,0,Oct
2023-10-01,85.63127334055218,99.78691439696686,95.57368406083518,20.907003312424955,23.8450029212763,30.35268093808992,50.29217092157619,0,Oct
2023-09-24,69.31276913330598,98.5020445343796,77.6865685400514,23.853627403690112,21.4247662838913,25.879109693876337,42.61704981430485,0,Sep
2023-09-17,84.72670574561965,66.99340822531664,74.24681365634355,17.906849561332844,21.320497153726333,28.384846406549915,48.68633651102914,0,Sep
2023-09-10,79.41084531786451,63.82727762331642,89.54328733021084,21.16514832856972,21.242413673706785,32.7985524678354,129.35100879554523,0,Sep
2023-09-03,98.54285779881124,60.350211974542994,95.05713563281978,15.233860850116908,26.029240693557394,32.45323208246738,168.4171425254859,0,Sep
2023-08-27,54.22889910268044,66.78530178655421,70.60312799565604,15.509140254492234,29.993387488936683,34.11472934668932,183.75253583959727,0,Aug
2023-08-20,63.32163622198247,95.61015909682976,81.571436082757,16.99978715571131,20.18761524911608,27.95026096968365,56.69994657506041,0,Aug
2023-08-13,86.65807592505581,99.67447833385609,86.04160598887202,17.381402022121893,28.256775908473333,29.74364877937247,121.8232417209062,0,Aug
2023-08-06,53.41813427166493,80.98556024493502,90.8931759987993,18.471220972543684,24.517576916732736,26.525552071170097,49.23577682700038,0,Aug
2023-07-30,66.93047681850005,74.0631428176643,77.7010481413656,15.72467019121518,26.70368110615256,31.625992523928755,92.96850362318712,0,Jul
2023-07-23,89.10893575830687,68.71969687449284,91.62982126599748,17.216706807221254,20.77897949014908,26.129459018158464,16.633958863498698,0,Jul
2023-07-16,80.98622069817552,67.21196257668073,90.73218439033325,22.816842708447997,20.697030460050414,33.91439180098501,191.37568926288145,0,Jul
2023-07-09,88.95742771827989,63.077592079143415,78.06526174423637,24.12214901934099,20.35558625727314,26.673560791387843,199.5643616226797,0,Jul
2023-07-02,54.44653031284271,99.19151309097664,72.43200974485714,18.19218876794085,24.22601490478332,27.241575898044605,119.06191195633107,0,Jul
2023-06-25,70.20146798451796,86.40824824770425,96.82031651109769,16.473423842654007,25.678762576920384,28.40656213858945,31.135803149150966,0,Jun
2023-06-18,82.94108069158992,62.878168787697504,86.27562650139551,20.10357395236462,20.93808343601989,30.669807637887363,135.07325349856217,0,Jun
2023-06-11,96.3783766792011,86.86278286162204,89.54400384750045,19.65319013076634,28.985140559089388,29.74003694050215,111.83884005587396,0,Jun
2023-06-04,60.78189836740383,84.70773903006187,90.00560428983059,19.606236419301887,29.79940301930248,32.565494518791645,196.2550103684221,0,Jun
2023-05-28,93.36469469584516,96.54617331628478,93.68653831968086,21.103447487765816,25.392638614546367,31.15356676943188,49.28082676953891,0,May
2023-05-21,74.64576103649509,60.52474044368954,98.63468712567914,19.217713477503988,23.17869684398644,26.44463865121273,90.07965060101384,0,May
2023-05-14,64.54900806841353,92.08252583137772,76.02834207668535,17.637685300838577,21.113858558027093,31.926099101823297,131.7311792308985,0,May
2023-05-07,93.74884382248462,92.06295163078543,89.57392062472253,19.78724977055408,21.764971501094816,30.069810456958816,92.22940001324088,0,May
2023-04-30,93.32875224850176,82.20576020533224,73.68679410769835,16.39117969096325,23.928087268848685,29.03634544633949,92.68595551051136,0,Apr
2023-04-23,68.60773617132679,97.62774345817536,72.71824186155871,21.21309603010019,22.8594916683988,27.827542810763852,177.11622556029744,0,Apr
2023-04-16,70.90637811936045,82.18188957293154,75.70936319620851,16.233489578955687,27.506933241561395,28.571419814182853,14.793267794771191,0,Apr
2023-04-09,62.960146482487815,78.77422026161724,90.34299231560448,21.80004241583039,23.168212961485008,31.05837500443842,100.13632497398896,0,Apr
2023-04-02,77.01887747726752,81.0661677805187,70.78955346855868,22.97223864901487,26.284878148408424,29.624418674975537,120.00583350800392,0,Apr
2023-03-26,77.85835905981537,76.85683009430409,78.0714748644934,24.911461483152557,21.983941439928685,34.01099955754234,99.28211120330796,0,Mar
2023-03-19,75.75648885288646,62.45034927763591,73.84760833503081,16.522182078370786,28.04348811867173,30.438903584777588,62.68931549131327,0,Mar
2023-03-12,74.42174447743685,63.0695523152142,72.64866193949861,18.530329459347755,27.480661477940245,33.29978367299299,3.29014656753488,0,Mar
2023-03-05,97.70844999785572,82.9264817786812,96.921838700166,18.919708906403372,23.71994486230664,25.879841241128855,49.75710846765728,0,Mar
2023-02-26,88.86336534045255,67.42527154157034,93.79581856279135,22.217115950772254,21.31774917992143,30.55753807022683,87.96847670562435,0,Feb
2023-02-19,63.334366,86.4889566923077,99.3047511538462,18.7307692307692,21.7951504615385,26.6538461538462,65.0,70,Feb
2023-02-12,85.1661911764706,86.6958917647059,88.2447072352941,21.8823529411765,22.2156863529412,22.5882352941176,121.4,39,Feb
2023-02-05,94.1583214285714,94.5855528571429,95.0127842857143,20.8571428571429,20.9285714285714,21.0,56.400000000000006,54,Feb
2023-01-29,77.4193122857143,85.9522194285714,91.0846917142857,21.4285714285714,22.2738094285714,23.8571428571429,103.8,29,Jan
2023-01-22,80.7487121428571,81.0224321428571,81.2961521428571,21.7142857142857,21.7857142857143,21.8571428571429,41.2,21,Jan
2023-01-15,88.5952594285714,88.5952594285714,88.5952594285714,22.1428571428571,22.1428571428571,22.1428571428571,31.6,16,Jan
2023-01-08,69.7495171428571,84.7196308571429,94.3624451428571,19.5714285714286,21.6309522857143,24.7142857142857,58.6,25,Jan
2023-01-01,67.9771492857143,84.7314157142857,97.4935971428571,17.8571428571429,20.2440477142857,23.4285714285714,78.2,21,Jan
2022-12-25,78.1657876666667,89.80408,100.0,18.6666666666667,20.527778,23.0,71.2,25,Dec
2022-12-18,65.253974,78.7949475,88.18554,18.0,19.854167,23.0,9.8,20,Dec
2022-12-11,61.0439386666667,80.3487966666667,96.0010216666667,17.3333333333333,20.8781566666667,25.8333333333333,55.2,9,Dec
2022-12-04,55.328193,80.2759438571429,98.2330542857143,18.0,22.3966451428571,27.7142857142857,89.4,11,Dec
2022-11-27,59.016608,85.5919057142857,100.0,17.7142857142857,20.7226188571429,26.2857142857143,102.2,2,Nov
2022-11-20,62.4118837142857,84.1473314285714,99.1132242857143,16.1428571428571,19.2519835714286,23.8571428571429,95.4,2,Nov
2022-11-13,53.4215605714286,73.6300385714286,88.31887,17.8571428571429,20.4428571428571,25.0,8.2,0,Nov
2022-11-06,53.8279281428571,79.9286987142857,95.5690157142857,13.7142857142857,17.608225,23.1428571428571,29.4,0,Nov
2022-10-30,62.7958451428571,80.0313054285714,98.211892,13.7142857142857,17.0786341428571,20.7142857142857,51.0,1,Oct
2022-10-23,49.247917,76.1492842857143,97.3329214285714,16.2857142857143,20.8837304285714,27.2857142857143,2.2,0,Oct
2022-10-16,53.8379927142857,79.6410021428571,96.5888928571429,17.4285714285714,20.4842134285714,25.5714285714286,12.0,1,Oct
2022-10-09,62.2818174285714,87.4698857142857,98.2591877142857,17.1428571428571,19.8066771428571,25.4285714285714,19.4,7,Oct
2022-10-02,58.3320092857143,80.5302642857143,98.2330542857143,15.5714285714286,18.7765151428571,23.4285714285714,12.0,4,Oct
2022-09-25,77.233487,90.4690714285714,98.27523,14.0,15.7554944285714,18.8571428571429,100.4,8,Sep
2022-09-18,54.3010842857143,80.1743787142857,96.3778242857143,12.1428571428571,15.7002165714286,20.8571428571429,21.0,6,Sep
2022-09-11,77.4007047142857,90.1127565714286,100.0,13.5714285714286,14.7936505714286,16.5714285714286,9.8,7,Sep
2022-09-04,44.8128845714286,73.8530071428571,91.3412837142857,13.5714285714286,17.875,25.1428571428571,0.6000000000000001,7,Sep
2022-08-28,57.4881458571429,80.3560257142857,95.4486214285714,10.7142857142857,14.0913798571429,19.1428571428571,0.0,6,Aug
2022-08-21,49.1121288571429,75.6348818571429,91.9735342857143,13.5714285714286,16.7944138571429,21.7142857142857,0.0,7,Aug
2022-08-14,49.5372775714286,70.8119067142857,87.4127851428571,12.4285714285714,16.3014068571429,21.7142857142857,6.6000000000000005,6,Aug
2022-08-07,57.0141755714286,83.3822514285714,98.2127914285714,13.2857142857143,16.0076528571429,20.1428571428571,1.0,3,Aug
2022-07-31,60.0067572857143,79.8626802857143,95.6267848571429,11.5714285714286,15.2916667142857,20.1428571428571,19.8,4,Jul
2022-07-24,45.5872324285714,73.092707,94.0953862857143,12.2857142857143,17.1773918571429,23.4285714285714,8.4,8,Jul
2022-07-17,49.9475435714286,76.6939872857143,97.2849505714286,14.4285714285714,18.4503965714286,24.2857142857143,0.0,4,Jul
2022-07-10,53.4366652857143,77.8517798571429,94.8981785714286,14.2857142857143,17.7156864285714,22.7142857142857,0.0,3,Jul
2022-07-03,43.3356452857143,74.4595045714286,99.1065457142857,11.4285714285714,17.1709957142857,24.0,0.6000000000000001,6,Jul
2022-06-26,54.8308625714286,84.8924977142857,100.0,12.1428571428571,15.9267295714286,21.8571428571429,1.6,10,Jun
2022-06-19,53.0172445714286,79.8523005714286,98.2130157142857,13.0,17.4226191428571,23.1428571428571,0.0,5,Jun
2022-06-12,44.7927224285714,77.6022721428571,96.3741485714286,9.71428571428571,14.3338508571429,20.7142857142857,1.0,10,Jun
2022-06-05,77.0320127142857,90.5583005714286,99.1132242857143,14.4285714285714,16.4743198571429,19.5714285714286,29.2,10,Jun
2022-05-29,67.646896,84.2533685714286,98.2370428571429,15.2857142857143,17.8732997142857,21.8571428571429,30.4,13,May
2022-05-22,38.8276431428571,73.3382177142857,97.258082,10.7142857142857,16.358225,23.8571428571429,0.6000000000000001,10,May
2022-05-15,49.9827784285714,75.171924,94.0539565714286,10.7142857142857,14.2718252857143,18.7142857142857,8.8,10,May
2022-05-08,61.9082402857143,84.0265628571429,96.4593577142857,15.2857142857143,18.0032048571429,22.4285714285714,4.2,23,May
2022-05-01,61.4567874285714,82.3492405714286,97.3462785714286,16.0,18.9960944285714,23.2857142857143,9.4,19,May
2022-04-24,53.1267392857143,78.821835,98.2591877142857,17.2857142857143,21.100108,26.5714285714286,2.6,25,Apr
2022-04-17,48.2556402857143,75.80701,96.5074614285714,14.5714285714286,19.1059522857143,25.0,1.0,18,Apr
2022-04-10,56.043362,80.9647714285714,98.2590457142857,17.4285714285714,20.3784015714286,24.5714285714286,14.2,59,Apr
2022-04-03,61.5108154285714,84.295943,98.2591877142857,18.5714285714286,21.3940477142857,26.1428571428571,1.6,48,Apr
2022-03-27,65.0081565714286,84.3980685714286,99.1392157142857,19.1428571428571,21.5448561428571,25.7142857142857,25.0,39,Mar
2022-03-20,51.7792282857143,78.108937,94.8251711428571,18.0,21.885204,27.4285714285714,9.6,31,Mar
2022-03-13,69.3128591428571,88.5223578571429,99.1517885714286,20.8571428571429,23.0158385714286,27.2857142857143,121.8,22,Mar
2022-03-06,47.3921207142857,77.8845891428571,98.2910742857143,19.8571428571429,23.9989648571429,30.5714285714286,50.400000000000006,9,Mar
2022-02-27,43.2109777142857,77.5698657142857,98.2847528571429,19.8571428571429,24.0869045714286,31.0,30.0,15,Feb
2022-02-20,41.5287668571429,78.5540714285714,98.2847528571429,18.4285714285714,23.2994305714286,31.0,6.6000000000000005,14,Feb
2022-02-13,46.4635924285714,78.3882192857143,96.742618,18.4285714285714,22.1388887142857,28.4285714285714,6.6,15,Feb
2022-02-06,64.4122967142857,81.42858,95.8057871428571,18.5714285714286,21.3630951428571,24.8571428571429,5.0,6,Feb
2022-01-30,70.1213747142857,86.895772,100.0,20.0,22.3670747142857,25.7142857142857,92.8,8,Jan
2022-01-23,57.2191918571429,80.68826,95.0689414285714,21.1428571428571,23.9130951428571,29.0,90.0,2,Jan
2022-01-16,49.5835917142857,78.5579935714286,96.5694357142857,18.7142857142857,23.2839181428571,29.7142857142857,58.6,6,Jan
2022-01-09,67.4184867142857,87.2885284285714,100.0,18.7142857142857,21.4285711428571,25.8571428571429,77.0,5,Jan
2022-01-02,69.7264057142857,88.3009127142857,98.29719,19.7142857142857,21.7968422857143,25.7142857142857,60.0,1,Jan
2021-12-26,60.4921021428571,82.6453608571429,98.27204,17.7142857142857,21.0618525714286,26.2857142857143,44.8,2,Dec
2021-12-19,51.9288585714286,75.744529,94.7610834285714,16.7142857142857,20.8887157142857,26.1428571428571,4.4,2,Dec
2021-12-12,60.700684,84.2291161428571,98.34806,19.2857142857143,22.6669254285714,28.0,47.6,3,Dec
2021-12-05,51.1632031428571,75.9979732857143,93.9534011428571,15.4285714285714,19.4697202857143,24.8571428571429,0.0,1,Dec
2021-11-28,50.1343898571429,76.7436725714286,94.8557454285714,18.0,22.1257867142857,28.4285714285714,0.0,0,Nov
2021-11-21,42.0677128571429,71.1746641428571,89.9607462857143,16.5714285714286,21.156244,27.7142857142857,0.0,3,Nov
2021-11-14,49.7942788571429,74.914376,93.1121514285714,16.4285714285714,20.3544374285714,26.0,0.0,0,Nov
2021-11-07,60.2268458571429,78.4124865714286,91.287392,15.2857142857143,18.2544231428571,22.5714285714286,0.0,6,Nov
2021-10-31,53.2929427142857,79.4312061428571,96.47903,16.4285714285714,20.005804,25.1428571428571,0.0,4,Oct
2021-10-24,64.0243772857143,85.0937934285714,95.684632,16.5714285714286,19.4152314285714,24.5714285714286,0.0,1,Oct
2021-10-17,63.8959081428571,83.4063128571429,97.3328457142857,14.0,17.0240684285714,21.4285714285714,0.0,1,Oct
2021-10-10,59.6067772857143,83.0624022857143,97.3660234285714,16.1428571428571,19.6657962857143,25.2857142857143,0.0,3,Oct
2021-10-03,63.4500135714286,85.0517965714286,97.4015934285714,16.2857142857143,18.6726191428571,24.1428571428571,0.0,2,Oct
2021-09-26,46.982094,72.62092,93.9330657142857,15.5714285714286,20.339286,27.0,0.0,1,Sep
2021-09-19,45.3514812857143,75.7700408571429,93.018752,14.5714285714286,18.9536747142857,26.7142857142857,0.0,4,Sep
2021-09-12,45.6559237142857,74.0513035714286,92.4782688571429,17.1428571428571,21.4428057142857,28.2857142857143,0.0,2,Sep
2021-09-05,42.0064725714286,75.3472791428571,94.8778191428571,17.1428571428571,21.0254802857143,28.5714285714286,0.0,2,Sep
2021-08-29,41.751294,75.4426388571429,95.51922,14.1428571428571,18.5915442857143,25.7142857142857,0.0,1,Aug
2021-08-22,37.4120004285714,60.3091815714286,79.9892015714286,14.7142857142857,20.2670335714286,27.2857142857143,0.0,2,Aug
2021-08-15,32.6068958571429,67.5072922857143,95.5300157142857,13.0,19.4723082857143,28.0,0.0,0,Aug
2021-08-08,53.2770661428571,77.2173944285714,97.2786505714286,12.2857142857143,16.1673724285714,21.2857142857143,0.0,3,Aug
2021-08-01,50.0080677142857,81.7604791428572,99.0860528571429,10.8571428571429,14.4330885714286,20.1428571428571,0.0,1,Aug
2021-07-25,42.0139208571429,69.6867314285714,90.4818621428571,7.0,13.3011011428571,20.8571428571429,0.0,3,Jul
2021-07-18,28.6730681428571,69.992716,99.0124728571429,7.42857142857143,13.7370598571429,21.8571428571429,0.0,6,Jul
2021-07-11,38.2560572857143,70.8052808571429,98.1790142857143,10.5714285714286,16.8884577142857,24.7142857142857,0.0,2,Jul
2021-07-04,46.5223062857143,79.5269248571429,99.0929614285714,11.1428571428571,15.5031057142857,21.2857142857143,0.0,2,Jul
2021-06-27,47.8945118571429,77.0367692857143,97.3231328571429,9.14285714285714,14.0890977142857,20.7142857142857,0.0,2,Jun
2021-06-20,57.7789838571429,82.5876957142857,100.0,13.1428571428571,16.8524841428571,22.1428571428571,0.0,2,Jun
2021-06-13,61.8756251428571,83.1112714285714,97.3691828571429,12.8571428571429,15.3646478571429,19.1428571428571,0.0,2,Jun
2021-06-06,67.1619465714286,87.336502,99.1328242857143,15.1428571428571,17.886905,21.1428571428571,0.0,3,Jun
2021-05-30,49.0203432857143,82.7645192857143,100.0,14.7142857142857,18.5119051428571,24.8571428571429,0.0,4,May
2021-05-23,37.2656954285714,70.4421285714286,94.2220992857143,12.4285714285714,18.2149862857143,25.1428571428571,0.0,5,May
2021-05-16,45.6645354285714,79.0120292857143,98.2263757142857,13.1428571428571,17.2797622857143,23.4285714285714,0.0,6,May
2021-05-09,55.5879108571429,83.8202121428571,98.21977,13.7142857142857,17.0833332857143,22.1428571428571,0.0,7,May
2021-05-02,44.9187147142857,79.541335,99.1132242857143,14.1428571428571,18.3928568571429,24.8571428571429,0.0,9,May
2021-04-25,51.1548161428571,80.7318671428571,99.0997914285714,15.2857142857143,18.7644928571429,23.8571428571429,0.0,7,Apr
2021-04-18,61.5605525714286,86.1348562857143,99.1132242857143,15.1428571428571,17.9214517142857,22.1428571428571,0.0,7,Apr
2021-04-11,52.081673,75.7471614285714,95.6701585714286,15.7142857142857,19.7102135714286,24.8571428571429,0.0,18,Apr
2021-04-04,50.2639075714286,77.3330815714286,97.3660234285714,16.4285714285714,20.2285717142857,25.4285714285714,0.0,19,Apr
2021-03-28,46.5915082857143,77.2698694285714,98.2719005714286,17.0,21.1600491428571,27.2857142857143,0.0,20,Mar
2021-03-21,39.9427832857143,75.116638,99.1455371428571,18.8571428571429,23.7968897142857,30.7142857142857,0.0,23,Mar
2021-03-14,55.0263657142857,83.0803108571428,100.0,18.5714285714286,22.1821425714286,27.5714285714286,0.0,16,Mar
2021-03-07,52.3023534285714,82.8401362857143,99.1328242857143,18.7142857142857,21.7141205714286,27.1428571428571,0.0,32,Mar
2021-02-28,63.4300025714286,84.9487991428571,97.5868128571429,19.5714285714286,21.9060791428571,25.8571428571429,0.0,19,Feb
2021-02-21,61.2358634285714,85.0141462857143,100.0,18.5714285714286,21.2524218571429,26.0,0.0,6,Feb
2021-02-14,50.2723622857143,80.211585,99.1455371428571,18.2857142857143,22.4904242857143,28.4285714285714,0.0,6,Feb
2021-02-07,62.94413,83.2736085714286,93.3797985714286,18.1428571428571,20.2566114285714,24.2857142857143,0.0,8,Feb
2021-01-31,54.6308757142857,80.7722875714286,96.6216171428571,19.7142857142857,23.0833097142857,28.8571428571429,0.0,9,Jan
2021-01-24,47.7823561428571,75.3632271428571,94.2837714285714,19.8571428571429,23.7485081428571,29.5714285714286,0.0,6,Jan
2021-01-17,47.3887397142857,75.8204958571429,93.3530657142857,20.1428571428571,23.9117257142857,30.1428571428571,0.0,4,Jan
2021-01-10,61.0455752857143,84.9976085714286,99.1517885714286,20.5714285714286,22.9865425714286,28.2857142857143,0.0,3,Jan
2021-01-03,49.693379,76.6262071428571,93.2407457142857,19.8571428571429,23.1372342857143,29.0,0.0,6,Jan
2020-12-27,59.7399625,82.696985,100.0,19.5,21.659091,26.0,0.0,1,Dec
2020-12-20,,,,18.9,,,0.0,5,Dec
2020-12-13,,,,18.3,,,0.0,5,Dec
2020-12-06,,,,17.7,,,0.0,1,Dec
2020-11-29,,,,17.1,,,0.2,2,Nov
2020-11-22,41.8829715,71.806788,91.9245706666667,16.5,21.312006,28.6666666666667,0.0,3,Nov
2020-11-15,59.5007205714286,79.8201598571429,97.3845442857143,16.8571428571429,20.1723365714286,24.7142857142857,0.0,1,Nov
2020-11-08,46.5938201428571,79.8356202857143,98.2330542857143,17.0,21.4166161428571,29.0,0.0,0,Nov
2020-11-01,49.8283318571429,74.7144935714286,93.7722357142857,12.8571428571429,16.6145905714286,22.4285714285714,0.0,1,Nov
2020-10-25,47.4792748571429,75.0121254285714,95.6916757142857,16.7142857142857,20.77061,27.1428571428571,0.0,3,Oct
2020-10-18,48.9364001428571,76.8778627142857,91.5498714285714,16.8571428571429,20.3328391428571,26.7142857142857,0.0,1,Oct
2020-10-11,50.664159,73.0292822857143,90.57037,14.2857142857143,18.6460005714286,24.8571428571429,0.0,1,Oct
2020-10-04,46.498467,75.0539405714286,94.0597142857143,18.2857142857143,22.4842134285714,29.0,0.0,3,Oct
2020-09-27,41.7209412857143,66.5055978571429,86.8385317142857,19.4285714285714,23.975014,31.0,0.0,3,Sep
2020-09-20,53.7888428571429,78.9982962857143,95.5325042857143,14.4285714285714,18.0937324285714,23.8571428571429,0.0,2,Sep
2020-09-13,30.704074,64.0868587142857,87.4157762857143,16.5714285714286,22.0041405714286,29.7142857142857,0.0,2,Sep
2020-09-06,29.5620124285714,66.25305,89.9776934285714,17.5714285714286,22.825358,31.2857142857143,0.0,0,Sep
2020-08-30,39.0234282857143,70.6663927142857,90.5082685714286,15.7142857142857,20.40599,27.8571428571429,0.0,3,Aug
2020-08-23,41.1777171428571,74.4316137142857,97.2226742857143,8.85714285714286,15.2792442857143,23.4285714285714,0.0,1,Aug
2020-08-16,75.1480582857143,88.3288057142857,97.3260157142857,13.5714285714286,15.512792,18.1428571428571,0.0,5,Aug
2020-08-09,35.5441507142857,67.234805,91.3221514285714,13.2857142857143,19.1413042857143,26.7142857142857,0.0,3,Aug
2020-08-02,36.133081,76.6327457142857,100.0,10.4285714285714,15.9164788571429,23.5714285714286,0.0,1,Aug
2020-07-26,54.7042961428571,79.08962,96.5074614285714,14.0,17.3290445714286,22.2857142857143,0.0,0,Jul
2020-07-19,35.8388832857143,69.0864901428571,97.2649905714286,11.4285714285714,17.9151177142857,26.0,0.0,1,Jul
2020-07-12,58.2894661428571,80.0962571428571,96.4948514285714,13.8571428571429,17.3020891428571,22.5714285714286,0.0,5,Jul
2020-07-05,49.4520137142857,76.6431625714286,95.6855285714286,13.2857142857143,17.6829671428571,24.1428571428571,0.0,2,Jul
2020-06-28,52.7574122857143,78.8078598571429,94.9024955714286,11.1428571428571,14.9672724285714,20.1428571428571,0.0,1,Jun
2020-06-21,51.9241464285714,77.1340181428571,95.4964528571429,12.8571428571429,17.3058012857143,23.2857142857143,0.0,2,Jun
2020-06-14,53.7263018571429,77.8822592857143,94.6996148571429,14.0,17.8843907142857,23.2857142857143,0.4,2,Jun
2020-06-07,47.25532,76.13462,95.665032,16.2857142857143,20.6759837142857,27.1428571428571,9.8,9,Jun
2020-05-31,58.6874672857143,82.3043198571429,98.1152582857143,13.4285714285714,17.1803828571429,22.7142857142857,7.0,1,May
2020-05-24,38.7052752857143,68.2922468571429,89.5208778571429,8.71428571428571,14.2619047142857,21.0,0.6000000000000001,3,May
2020-05-17,42.8596674285714,77.6794492857143,97.4015934285714,13.4285714285714,18.1920994285714,24.8571428571429,1.6,1,May
2020-05-10,49.3636891428571,77.5719714285714,95.5593577142857,12.4285714285714,16.7797615714286,23.1428571428571,2.2,3,May
2020-05-03,45.9871607142857,74.2372992857143,96.5004828571429,12.4285714285714,17.0000001428571,23.0,8.6,5,May
2020-04-26,39.129194,74.6384291428571,97.3059771428571,14.0,19.2976188571429,26.5714285714286,0.6000000000000001,9,Apr
2020-04-19,44.348944,77.731825,96.45943,14.1428571428571,19.0238097142857,25.5714285714286,0.4,8,Apr
2020-04-12,54.0419054285714,77.9338727142857,94.73466,15.0,18.7619045714286,24.0,0.2,5,Apr
2020-04-05,50.6959967142857,78.1650155714286,95.6280077142857,15.2857142857143,19.1666665714286,24.5714285714286,3.4000000000000004,5,Apr
2020-03-29,53.8159097142857,82.2543857142857,100.0,17.7142857142857,21.8273808571429,28.0,67.2,6,Mar
2020-03-22,46.7284097142857,78.935032,100.0,14.8571428571429,19.9226191428571,26.4285714285714,0.2,17,Mar
2020-03-15,72.5236448571429,89.0811451428571,98.34806,19.8571428571429,21.7498117142857,25.0,13.000000000000002,15,Mar
2020-03-08,79.5306664285714,91.4053451428571,100.0,17.4285714285714,19.5719697142857,22.1428571428571,4.2,13,Mar
2020-03-01,75.5189592857143,90.0854514285714,100.0,15.8571428571429,18.6305194285714,21.5714285714286,9.6,10,Mar
2020-02-23,84.3070121428571,95.0097531428572,100.0,17.7142857142857,19.4523808571429,22.2857142857143,93.2,15,Feb
2020-02-16,90.3643028571429,98.276658,100.0,20.1428571428571,21.2077922857143,22.7142857142857,88.80000000000001,23,Feb
2020-02-09,91.5506691428571,96.154175,98.278152,18.1428571428571,19.1428571428571,20.1428571428571,182.0,18,Feb
2020-02-02,86.3556634285714,97.133117,100.0,20.0,21.2630951428571,24.0,89.4,24,Feb
2020-01-26,49.4573235714286,75.3984715714286,98.2577657142857,18.1428571428571,23.6731365714286,30.5714285714286,94.4,26,Jan
2020-01-19,66.99249,86.8582365714286,98.2784314285714,17.4285714285714,20.5119048571429,24.8571428571429,9.8,33,Jan
2020-01-12,69.8506427142857,89.3765365714286,99.1455371428571,19.2857142857143,22.375,27.0,52.2,29,Jan
2020-01-05,63.1012395714286,85.2106834285714,100.0,19.8571428571429,24.0067805714286,29.0,64.0,11,Jan
2019-12-29,69.9872786666667,89.6952391666667,100.0,18.3333333333333,21.4375,25.8333333333333,93.60000000000002,15,Dec
2019-12-22,85.7027292857143,92.511242,97.4817757142857,18.8571428571429,20.2714285714286,21.7142857142857,67.2,11,Dec
2019-12-15,91.0040478571429,95.2167378571429,99.1455371428571,19.7142857142857,20.6809522857143,21.5714285714286,6.4,9,Dec
2019-12-08,90.1309414285714,95.85487,100.0,17.5714285714286,18.5857142857143,19.8571428571429,57.0,13,Dec
2019-12-01,88.4096928571429,94.1535227142857,97.4254442857143,18.2857142857143,19.0603172857143,19.8571428571429,11.8,6,Dec
2019-11-24,87.3351357142857,94.31691,97.3758614285714,16.7142857142857,17.3,18.4285714285714,31.2,3,Nov
2019-11-17,83.7366557142857,89.734285,95.7161614285714,17.5714285714286,18.7714285714286,19.7142857142857,9.6,11,Nov
2019-11-10,91.5816928571429,96.1816558571429,99.1263634285714,18.1428571428571,19.0238094285714,19.7142857142857,21.6,4,Nov
2019-11-03,85.9255712857143,94.0395042857143,99.1517885714286,19.2857142857143,20.2714285714286,21.8571428571429,33.8,7,Nov
2019-10-27,76.1894211428571,86.9923085714286,95.7529242857143,19.0,20.8285714285714,22.8571428571429,11.0,3,Oct
2019-10-20,89.0296328571429,92.4841407142857,96.5088305714286,16.4285714285714,17.3246754285714,18.5714285714286,2.0,5,Oct
2019-10-13,80.0769704285714,88.7780371428571,94.8377085714286,18.7142857142857,19.9350651428571,21.2857142857143,0.2,8,Oct
2019-10-06,91.6892634285714,95.7181421428571,98.2590457142857,17.2857142857143,17.974026,18.7142857142857,17.400000000000002,4,Oct
2019-09-29,82.1123021428571,91.2138344285714,98.2330542857143,14.8571428571429,16.2493504285714,17.8571428571429,0.0,8,Sep
2019-09-22,90.4743385714286,94.0800122857143,97.2924685714286,14.5714285714286,15.116883,15.8571428571429,0.8,11,Sep
2019-09-15,81.2328508571429,91.8625702857143,98.2395877142857,17.2857142857143,18.6363637142857,20.8571428571429,3.0,6,Sep
2019-09-08,76.1926204285714,86.9206971428571,95.786042,16.7142857142857,18.4675325714286,21.1428571428571,0.2,6,Sep
2019-09-01,90.7320514285714,97.9185671428571,100.0,15.2857142857143,15.7350648571429,16.4285714285714,77.8,1,Sep
2019-08-25,87.2857857142857,92.9312198571429,97.3681914285714,13.2857142857143,14.5844155714286,16.1428571428571,0.0,5,Aug
2019-08-18,79.1616435714286,89.6621955714286,97.2788057142857,13.7142857142857,14.9751082857143,16.5714285714286,1.8000000000000005,12,Aug
2019-08-11,84.2634491428571,92.92921,98.1788591428571,12.8571428571429,13.9688311428571,15.5714285714286,0.0,5,Aug
2019-08-04,84.7856751428571,94.845582,99.0997914285714,12.4285714285714,13.8051948571429,15.7142857142857,0.4,8,Aug
2019-07-28,84.8439942857143,94.54256,99.1132242857143,12.7142857142857,14.212987,16.7142857142857,3.6000000000000005,2,Jul
2019-07-21,86.5781485714286,94.1359148571429,100.0,12.1428571428571,14.0311687142857,16.0,0.0,5,Jul
2019-07-14,89.60479,96.8294928571429,100.0,9.85714285714286,11.6623375714286,13.5714285714286,0.0,8,Jul
2019-07-07,91.0725341428571,98.0764974285714,100.0,7.28571428571429,8.93571435714286,11.2857142857143,0.0,16,Jul
2019-06-30,78.4676528571429,90.7116841428571,98.2130914285714,13.4285714285714,15.2584417142857,17.1428571428571,0.0,10,Jun
2019-06-23,83.668365,91.7242962857143,98.1927528571428,14.1428571428571,16.2298698571429,17.8571428571429,0.0,9,Jun
2019-06-16,89.1356951428571,96.1493064285714,99.1263634285714,13.8571428571429,15.4545451428571,17.4285714285714,0.0,12,Jun
2019-06-09,85.3297938571429,96.7995037142857,100.0,12.0,14.120384,17.5714285714286,0.0,13,Jun
2019-06-02,95.54302,98.6155107142857,100.0,13.0,14.2467532857143,15.5714285714286,0.0,17,Jun
2019-05-26,82.9793184285714,95.0735777142857,100.0,15.5714285714286,17.0389608571429,19.0,0.0,35,May
2019-05-19,90.7299962857143,96.201728,98.2626371428571,14.0,15.4012988571429,17.5714285714286,1.2,46,May
2019-05-12,94.9013305714286,98.832635,100.0,17.7142857142857,18.3376625714286,19.1428571428571,21.2,41,May
2019-05-05,86.4339514285714,95.06466,100.0,17.7142857142857,19.217956,21.1428571428571,1.2,75,May
2019-04-28,85.6334391428571,95.692584,100.0,18.0,19.2849028571429,21.4285714285714,27.6,101,Apr
2019-04-21,83.066608,94.3444571428571,100.0,19.0,20.5590602857143,22.7142857142857,38.4,153,Apr
2019-04-14,88.6076305714286,96.06432,100.0,16.5714285714286,18.4877007142857,20.8571428571429,22.2,168,Apr
2019-04-07,92.5132428571429,98.3668535714286,100.0,19.0,19.6559522857143,21.0,77.0,176,Apr
2019-03-31,83.8033542857143,92.4824178571429,100.0,17.5714285714286,19.3246754285714,21.0,5.6000000000000005,190,Mar
2019-03-24,87.0965942857143,94.2028342857143,99.1263634285714,17.4285714285714,18.7844154285714,20.7142857142857,1.0,137,Mar
2019-03-17,92.5277042857143,96.5503758571429,99.1579742857143,19.1428571428571,20.1636362857143,21.1428571428571,60.0,126,Mar
2019-03-10,93.5531135714286,97.3568665714286,99.1455371428571,20.0,20.9987017142857,21.7142857142857,77.0,99,Mar
2019-03-03,94.1317871428571,98.6279607142857,100.0,19.1428571428571,20.3142854285714,21.4285714285714,37.0,89,Mar
2019-02-24,88.4615728571429,93.9987614285714,97.4998485714286,20.5714285714286,21.1506497142857,22.1428571428571,146.0,77,Feb
2019-02-17,89.6727565714286,96.1793407142857,100.0,19.8571428571429,20.9207797142857,22.1428571428571,42.2,40,Feb
2019-02-10,85.8458557142857,92.953815,98.3713357142857,19.5714285714286,20.5031748571429,22.0,87.0,38,Feb
2019-02-03,77.4394905714286,92.8448562857143,100.0,17.5714285714286,19.8511902857143,23.0,62.4,23,Feb
2019-01-27,38.0237017142857,74.7789858571429,100.0,18.4285714285714,24.8571431428571,33.2857142857143,29.4,10,Jan
2019-01-20,55.9696975714286,85.7840385714286,100.0,19.2857142857143,23.7816677142857,30.5714285714286,94.0,13,Jan
2019-01-13,60.9342012857143,84.8634414285714,100.0,20.1428571428571,23.7146461428571,29.4285714285714,10.6,15,Jan
2019-01-06,87.5876078571429,94.7174494285714,100.0,19.8571428571429,21.3888888571429,23.0,11.2,7,Jan
2018-12-30,88.0497915714286,95.8115837142857,99.1579742857143,20.1428571428571,21.2650797142857,23.0,35.4,8,Dec
2018-12-23,78.0442321428571,92.9018842857143,100.0,18.5714285714286,20.359607,23.4285714285714,30.4,3,Dec
2018-12-16,48.9174992857143,78.3661694285714,99.1455371428571,20.8571428571429,25.5357142857143,32.5714285714286,74.0,5,Dec
2018-12-09,39.6053671428571,68.9560891428571,96.61224,16.4285714285714,23.4148551428571,30.8571428571429,1.2,5,Dec
2018-12-02,83.64598,93.2058057142857,98.2876914285714,16.7142857142857,18.1476192857143,20.1428571428571,1.2000000000000002,6,Dec
2018-11-25,87.5550105714286,94.0457374285714,99.1328242857143,17.8571428571429,18.7920635714286,19.5714285714286,103.4,6,Nov
2018-11-18,95.7333242857143,98.9577871428571,100.0,17.1428571428571,17.7142857142857,19.0,67.4,3,Nov
2018-11-11,86.909785,94.5233642857143,99.1455371428571,18.7142857142857,19.9650792857143,21.5714285714286,28.8,2,Nov
2018-11-04,93.1213348571429,97.3088464285714,100.0,16.2857142857143,17.0063491428571,17.7142857142857,9.4,8,Nov
2018-10-28,90.5896334285714,96.6594208571429,100.0,16.1428571428571,17.0844154285714,18.1428571428571,15.8,7,Oct
2018-10-21,90.7399234285714,95.9724281428571,99.1065457142857,16.7142857142857,17.294517,18.1428571428571,37.6,1,Oct
2018-10-14,76.0542992857143,91.4483734285714,99.1263634285714,18.0,20.0346321428571,23.7142857142857,46.2,3,Oct
2018-10-07,71.2853958571429,91.3901252857143,100.0,18.1428571428571,20.771104,25.1428571428571,37.0,2,Oct
2018-09-30,87.1336828571429,94.8858885714286,99.1263634285714,17.0,18.4527054285714,20.0,31.6,1,Sep
2018-09-23,86.3241094285714,94.092503,97.376272,17.1428571428571,18.0389611428571,19.1428571428571,6.2,5,Sep
2018-09-16,86.8763305714286,92.567184,98.27204,16.7142857142857,17.618182,19.0,0.0,4,Sep
2018-09-09,86.4030434285714,92.4580601428571,96.4194285714286,14.7142857142857,15.4987014285714,16.5714285714286,0.0,2,Sep
2018-09-02,87.8919457142857,94.3395508571429,97.3359614285714,12.0,13.2363635714286,14.8571428571429,0.0,1,Sep
2018-08-26,83.1846428571428,91.8286542857143,98.2063371428571,13.2857142857143,14.4597402857143,16.4285714285714,0.0,1,Aug
2018-08-19,74.513216,89.00388,98.21977,14.4285714285714,15.981818,18.1428571428571,0.0,0,Aug
2018-08-12,83.0016814285714,93.2020245714286,99.0929614285714,11.2857142857143,13.318687,15.5714285714286,0.0,3,Aug
2018-08-05,57.7247007142857,81.075247,95.6273651428571,12.8571428571429,16.3387442857143,21.0,0.0,2,Aug
2018-07-29,69.9720708571429,86.3856771428571,98.2130157142857,13.5714285714286,16.511905,19.8571428571429,0.0,2,Jul
2018-07-22,51.9234911428571,81.8524957142857,100.0,13.2857142857143,17.6190475714286,23.8571428571429,0.0,1,Jul
2018-07-15,49.8757214285714,78.0298221428571,99.1132242857143,10.7142857142857,16.4680734285714,23.7142857142857,0.0,1,Jul
2018-07-08,78.687943,90.5767914285714,98.2061857142857,10.1428571428571,11.7714284285714,13.4285714285714,0.0,1,Jul
2018-07-01,87.2765,95.0723048571429,99.1132242857143,13.0,14.3129871428571,16.4285714285714,0.0,3,Jul
2018-06-24,81.1396757142857,90.4872705714286,96.4927728571429,13.0,15.1022727142857,17.4285714285714,0.0,4,Jun
2018-06-17,88.1036228571429,95.5970872857143,100.0,13.5714285714286,14.5584415714286,16.2857142857143,0.8,2,Jun
2018-06-10,88.5121285714286,94.5586157142857,99.1263634285714,15.7142857142857,16.8584415714286,18.7142857142857,0.0,1,Jun
2018-06-03,90.563188,94.923411,98.2130157142857,14.8571428571429,15.4304472857143,16.2857142857143,0.0,3,Jun
2018-05-27,84.5762428571429,94.0350707142857,98.2499085714286,12.2857142857143,13.7883118571429,15.8571428571429,0.0,6,May
2018-05-20,76.7967037142857,89.0712165714286,96.6319942857143,10.7142857142857,13.3345567142857,16.0,0.0,4,May
2018-05-13,61.4976251428571,83.6348487142857,99.1328242857143,16.2857142857143,19.6715365714286,24.4285714285714,0.2,3,May
2018-05-06,55.1567294285714,81.1276717142857,98.2395877142857,15.8571428571429,19.75,25.2857142857143,0.2,1,May
2018-04-29,44.5551691428571,80.0892464285714,100.0,16.2857142857143,21.0297617142857,28.2857142857143,0.6000000000000001,2,Apr
2018-04-22,54.6175145714286,84.8691014285714,100.0,16.5714285714286,20.2976191428571,25.8571428571429,0.4,6,Apr
2018-04-15,82.1937154285714,93.171857,99.11983,13.8571428571429,15.951515,18.5714285714286,12.4,3,Apr
2018-04-04,86.09348,94.2917592857143,100.0,17.4285714285714,19.0350648571429,21.1428571428571,0.0,5,Apr
2018-04-01,87.8057837142857,95.5975258571429,100.0,18.7142857142857,19.8584417142857,21.4285714285714,10.8,11,Apr
2018-03-25,89.4966064285714,95.1086848571429,98.2973257142857,19.2857142857143,20.6389611428571,22.0,25.2,6,Mar
2018-03-18,93.3086557142857,97.8658228571429,100.0,19.8571428571429,20.7467531428571,22.0,17.200000000000003,6,Mar
2018-03-11,88.7907394285714,95.7198728571429,100.0,20.0,21.3246754285714,22.7142857142857,34.2,2,Mar
2018-03-04,93.3642351428571,97.8218362857143,99.1455371428571,19.4285714285714,20.5207791428571,21.8571428571429,15.0,10,Mar
2018-02-25,67.5902602857143,88.1633164285714,100.0,18.7142857142857,21.9491345714286,26.2857142857143,71.60000000000001,7,Feb
2018-02-18,82.7571722857143,91.1327505714286,97.486122,19.8571428571429,21.0113634285714,22.7142857142857,14.2,7,Feb
2018-02-11,90.8959371428572,94.9543827142857,99.1579742857143,19.1428571428571,19.8365078571429,20.7142857142857,7.6,4,Feb
2018-02-04,77.9752522857143,88.878275,94.9490748571429,17.7142857142857,19.2476187142857,21.4285714285714,0.4,6,Feb
2018-01-28,89.9254871428572,95.35679,100.0,18.1428571428571,19.3857144285714,20.4285714285714,36.8,10,Jan
2018-01-21,81.44071,92.7594378571429,98.2847528571429,19.7142857142857,21.3119048571429,23.4285714285714,35.8,5,Jan
2018-01-14,73.62173,89.3304751428571,99.1455371428571,20.0,21.8928571428571,25.2857142857143,36.0,6,Jan
2018-01-07,71.5928557142857,90.0812928571429,98.27204,18.2857142857143,20.6917185714286,24.8571428571429,43.4,7,Jan
2017-12-31,80.38366,89.8347408571429,95.7776528571429,19.8571428571429,21.2523808571429,23.1428571428571,48.6,10,Dec
2017-12-24,89.5622,93.81338,96.7551908571429,20.5714285714286,21.4134921428571,22.5714285714286,60.0,8,Dec
2017-12-17,72.2981482857143,87.321342,99.1328242857143,19.1428571428571,21.9415114285714,25.0,50.6,9,Dec
2017-12-10,86.313342,94.3129405714286,99.11983,16.8571428571429,18.263492,20.2857142857143,21.4,6,Dec
2017-12-03,83.185021,91.2253057142857,96.6082785714286,19.2857142857143,20.593991,22.8571428571429,20.4,5,Dec
2017-11-26,62.5051904285714,81.9048842857143,96.5049548571429,18.0,21.0406314285714,25.4285714285714,43.4,7,Nov
2017-11-19,63.3866732857143,87.3981658571429,99.1263634285714,17.0,20.5075048571429,26.0,45.8,5,Nov
2017-11-12,51.50307,82.146117,100.0,18.0,22.086957,30.0,31.6,9,Nov
2017-11-05,,,,17.4,,,30.2,5,Nov
2017-10-29,,,,16.8,,,39.0,8,Oct
2017-10-22,,,,16.2,,,36.2,3,Oct
2017-10-15,,,,15.6,,,1.2000000000000002,6,Oct
2017-10-08,,,,15.0,,,6.2,7,Oct
2017-10-01,,,,14.4,,,33.8,12,Oct
2017-09-24,,,,13.8,,,37.2,4,Sep
2017-09-17,,,,13.2,,,0.4,7,Sep
2017-09-10,,,,12.6,,,0.0,10,Sep
2017-09-03,78.4,89.81,97.6,12.0,14.0933332,16.8,0.4,7,Sep
2017-08-27,87.1428571428571,93.2622442857143,98.2857142857143,12.7142857142857,14.0451247142857,15.5714285714286,0.4,2,Aug
2017-08-20,95.7142857142857,98.0408157142857,100.0,12.5714285714286,13.47551,14.1428571428571,35.8,4,Aug
2017-08-13,91.1428571428571,95.1471094285714,97.4285714285714,14.8571428571429,15.4940478571429,16.1428571428571,34.2,10,Aug
2017-08-06,84.1428571428571,91.3358851428572,96.5714285714286,11.4285714285714,12.7800455714286,14.0,0.2,3,Aug
2017-07-30,83.8571428571429,89.8469395714286,95.0,12.1428571428571,13.459184,14.8571428571429,3.8,4,Jul
2017-07-23,88.1428571428571,94.4030614285714,99.1428571428571,10.7142857142857,12.3418368571429,14.1428571428571,0.6000000000000001,5,Jul
2017-07-16,87.1428571428571,91.6428571428571,95.7142857142857,11.4285714285714,12.4846167142857,13.5714285714286,0.2,3,Jul
2017-07-09,94.0,98.5459185714286,100.0,11.5714285714286,12.7755102857143,14.0,0.6000000000000001,0,Jul
2017-07-02,94.5714285714286,97.0761908571429,99.1428571428571,9.85714285714286,10.8132085714286,11.7142857142857,0.4,2,Jul
2017-06-25,95.7142857142857,98.4846928571429,100.0,12.0,13.2193877142857,14.4285714285714,0.6000000000000001,3,Jun
2017-06-18,94.1428571428571,97.5153057142857,100.0,13.1428571428571,14.1403061428571,15.2857142857143,0.4,3,Jun
2017-06-11,92.1428571428571,97.1964285714286,100.0,11.1428571428571,12.5155024285714,14.1428571428571,22.4,2,Jun
2017-06-04,87.7142857142857,94.4489785714286,98.2857142857143,15.7142857142857,16.8435372857143,18.4285714285714,95.2,3,Jun
2017-05-28,89.2857142857143,95.7414965714286,99.1428571428571,14.5714285714286,15.6852607142857,17.2857142857143,5.0,0,May
2017-05-21,96.5714285714286,98.0867342857143,100.0,15.8571428571429,16.5829727142857,17.1428571428571,68.0,2,May
2017-05-14,86.7142857142857,90.7982991428571,93.5714285714286,15.8571428571429,16.8415062857143,17.8571428571429,75.19999999999999,5,May
2017-05-07,87.8571428571429,96.0068022857143,100.0,14.5714285714286,15.951814,17.8571428571429,2.0,5,May
2017-04-30,94.0,96.7171214285714,98.2857142857143,14.8571428571429,15.8379628571429,16.7142857142857,33.8,8,Apr
2017-04-23,86.7142857142857,92.41043,98.2857142857143,16.2857142857143,17.0261717142857,17.8571428571429,18.6,6,Apr
2017-04-16,88.1428571428571,94.5918357142857,99.1428571428571,16.2857142857143,17.4096754285714,18.8571428571429,32.6,7,Apr
2017-04-09,84.4285714285714,93.3210042857143,98.2857142857143,18.7142857142857,20.1189638571429,22.0,1.4,1,Apr
2017-04-02,89.5714285714286,95.1620057142857,99.1428571428571,17.8571428571429,18.851921,19.8571428571429,97.6,11,Apr
2017-03-26,87.0,93.2823122857143,98.2857142857143,15.8571428571429,17.073696,18.2857142857143,1.2000000000000002,5,Mar
2017-03-19,85.2857142857143,94.8195914285714,100.0,16.0,17.6669727142857,19.7142857142857,8.0,14,Mar
2017-03-12,87.5714285714286,95.6559642857143,100.0,20.0,20.8847331428571,22.5714285714286,39.8,9,Mar
2017-03-05,87.5714285714286,95.0765314285714,99.1428571428571,20.5714285714286,21.5435635714286,23.0,81.2,7,Mar
2017-02-26,88.0,94.8153071428571,97.5714285714286,19.8571428571429,20.9913264285714,22.2857142857143,47.0,14,Feb
2017-02-19,80.4285714285714,88.7574764285714,97.4285714285714,19.1428571428571,20.7283311428571,22.5714285714286,44.6,7,Feb
2017-02-12,77.4285714285714,88.2448971428571,97.4285714285714,19.4285714285714,21.6462585714286,24.4285714285714,1.4,8,Feb
2017-02-05,85.5714285714286,92.3920065714286,96.5714285714286,19.4285714285714,20.7783445714286,22.4285714285714,16.799999999999997,17,Feb
2017-01-29,86.0,93.8669385714286,100.0,20.0,21.043265,22.7142857142857,53.2,17,Jan
2017-01-22,84.4285714285714,94.6077092857143,100.0,19.5714285714286,20.7271354285714,22.8571428571429,48.39999999999999,26,Jan
2017-01-15,88.8571428571429,96.7709151428571,100.0,19.1428571428571,20.5186395714286,22.1428571428571,291.6,16,Jan
2017-01-08,89.7142857142857,96.4928185714286,100.0,20.4285714285714,21.3278535714286,22.7142857142857,26.0,18,Jan
2017-01-01,77.7142857142857,87.3134442857143,96.7142857142857,20.7142857142857,22.6011041428571,24.7142857142857,49.8,8,Jan
2016-12-25,72.8571428571429,86.1026077142857,96.5714285714286,19.8571428571429,22.4015494285714,25.4285714285714,23.0,21,Dec
2016-12-18,72.4285714285714,90.5214557142857,100.0,18.0,19.9414482857143,23.2857142857143,52.0,13,Dec
2016-12-11,84.8571428571429,91.191611,97.4285714285714,18.5714285714286,19.9438775714286,21.4285714285714,44.8,17,Dec
2016-12-04,80.7142857142857,89.8277071428571,97.4285714285714,17.8571428571429,19.1195057142857,21.0,16.6,14,Dec
2016-11-27,84.2857142857143,92.1480714285714,98.2857142857143,17.8571428571429,19.4146222857143,21.4285714285714,33.8,27,Nov
2016-11-20,78.7142857142857,88.5352428571429,93.1428571428571,16.2857142857143,17.4161001428571,19.5714285714286,3.4,2,Nov
2016-11-13,83.2857142857143,93.5129087142857,99.1428571428571,16.4285714285714,17.4909442857143,19.1428571428571,43.0,13,Nov
2016-11-06,83.8571428571429,93.4992522857143,100.0,16.7142857142857,18.4372222857143,20.5714285714286,47.6,15,Nov
2016-10-30,80.5714285714286,86.5110671428571,90.5714285714286,17.4285714285714,18.0467032857143,18.8571428571429,8.600000000000001,17,Oct
2016-10-23,85.0,90.8959622857143,96.5714285714286,17.4285714285714,18.3383367142857,19.4285714285714,43.6,17,Oct
2016-10-16,87.5714285714286,93.70153,98.2857142857143,19.2857142857143,20.107993,21.4285714285714,40.0,24,Oct
2016-10-09,81.1428571428571,92.7623362857143,98.2857142857143,16.1428571428571,17.6177365714286,20.2857142857143,20.4,12,Oct
2016-10-02,84.0,91.54945,96.5714285714286,14.7142857142857,15.793956,17.0,14.4,18,Oct
2016-09-25,85.4285714285714,91.6181962857143,95.7142857142857,13.1428571428571,14.1301018571429,15.5714285714286,1.2,18,Sep
2016-09-18,83.7142857142857,92.918498,97.4285714285714,14.0,15.2180357142857,17.5714285714286,0.2,13,Sep
2016-09-11,71.1428571428571,79.0233677142857,86.5714285714286,16.4285714285714,18.190306,19.8571428571429,0.2,15,Sep
2016-09-04,86.0,92.2622485714286,97.4285714285714,15.2857142857143,16.7397445714286,18.1428571428571,10.4,9,Sep
2016-08-28,73.8571428571429,86.0049542857143,94.0,14.7142857142857,16.7850625714286,19.5714285714286,13.6,12,Aug
2016-08-21,70.0,87.1054437142857,97.4285714285714,11.7142857142857,14.5178572857143,17.7142857142857,45.0,6,Aug
2016-08-14,84.4285714285714,92.0544894285714,98.2857142857143,13.1428571428571,14.690084,17.0,26.6,5,Aug
2016-08-07,81.7142857142857,89.3074671428571,95.7142857142857,11.8571428571429,13.5936178571429,15.7142857142857,0.4,7,Aug
2016-07-31,79.5714285714286,90.9302042857143,98.2857142857143,13.1428571428571,15.2656122857143,17.7142857142857,0.4,7,Jul
2016-07-24,77.8571428571429,86.255952,93.1428571428571,12.7142857142857,14.2011904285714,16.0,0.2,11,Jul
2016-07-17,85.2857142857143,90.3577542857143,94.7142857142857,10.2857142857143,11.3187754285714,12.4285714285714,0.0,3,Jul
2016-07-10,72.5714285714286,83.411564,93.2857142857143,13.1428571428571,15.89966,18.8571428571429,6.4,10,Jul
2016-07-03,76.2857142857143,88.511904,98.1428571428571,10.7142857142857,13.2678572142857,16.0,0.4,5,Jul
2016-06-26,93.2857142857143,97.6805342857143,100.0,11.7142857142857,13.2399128571429,15.2857142857143,0.6000000000000001,6,Jun
2016-06-19,89.7142857142857,95.6639685714286,99.1428571428571,12.0,13.182002,14.5714285714286,10.400000000000002,3,Jun
2016-06-12,89.2857142857143,96.4432657142857,100.0,6.71428571428571,8.79188201428572,11.2857142857143,33.60000000000001,3,Jun
2016-06-05,88.2857142857143,97.4682541428571,100.0,10.4285714285714,12.1092594285714,14.2857142857143,33.60000000000001,6,Jun
2016-05-29,87.7142857142857,95.2579371428571,99.1428571428571,15.5714285714286,16.628061,18.0,33.60000000000001,4,May
2016-05-22,82.1428571428571,95.0486575714286,99.1428571428571,13.7142857142857,14.7403628571429,16.0,33.60000000000001,1,May
2016-05-15,87.8571428571429,94.7311908571429,99.1428571428571,15.4285714285714,16.740873,18.7142857142857,41.6,5,May
2016-05-08,87.7142857142857,93.8110342857143,98.2857142857143,16.1428571428571,17.131425,18.4285714285714,0.4,1,May
2016-05-01,85.0,94.16969,99.1428571428571,12.2857142857143,13.9977324285714,16.0,0.4,6,May
2016-04-24,81.2857142857143,88.1177557142857,95.0,16.0,17.664796,19.2857142857143,2.0,5,Apr
2016-04-17,62.5714285714286,83.0954971428571,97.4285714285714,17.8571428571429,21.7047102857143,26.4285714285714,0.2,19,Apr
2016-04-10,58.0,81.6624151428571,98.2857142857143,19.4285714285714,23.6011905714286,29.2857142857143,0.2,12,Apr
2016-04-03,88.8571428571429,94.7942177142857,99.1428571428571,18.7142857142857,20.014172,21.7142857142857,0.4,35,Apr
2016-03-27,84.2857142857143,93.4047611428571,99.1428571428571,19.7142857142857,21.020597,23.0,10.2,43,Mar
2016-03-20,90.0,96.3941771428571,99.1428571428571,19.0,19.886193,21.7142857142857,26.8,73,Mar
2016-03-13,84.8571428571429,93.7653057142857,98.2857142857143,18.5714285714286,19.859694,21.7142857142857,13.0,127,Mar
2016-03-06,88.5714285714286,95.6124334285714,100.0,20.1428571428571,21.2403628571429,22.7142857142857,103.8,117,Mar
2016-02-28,91.7142857142857,96.4255807142857,100.0,19.1428571428571,20.11072,21.2857142857143,61.2,138,Feb
2016-02-21,84.2857142857143,93.8148608571429,100.0,20.4285714285714,21.4724277142857,23.1428571428571,62.2,122,Feb
2016-02-14,79.0,94.1256462857143,100.0,20.2857142857143,21.6732765714286,23.7142857142857,38.0,179,Feb
2016-02-07,59.5714285714286,83.4100565714286,98.2857142857143,19.8571428571429,23.4698452857143,29.0,36.6,128,Feb
2016-01-31,44.4285714285714,76.2134271428571,98.2857142857143,19.5714285714286,24.9450725714286,31.1428571428571,16.2,148,Jan
2016-01-24,83.2857142857143,91.6630037142857,98.2857142857143,20.1428571428571,21.6923075714286,23.5714285714286,35.2,103,Jan
2016-01-17,82.4285714285714,89.2281748571429,96.5714285714286,16.7142857142857,18.2261905714286,19.4285714285714,0.4,133,Jan
2016-01-10,90.7142857142857,95.0252785714286,98.2857142857143,20.7142857142857,21.4060761428571,22.2857142857143,82.4,106,Jan
2016-01-03,83.2857142857143,91.4226194285714,98.2857142857143,18.8571428571429,20.4192175714286,22.2857142857143,35.0,92,Jan
2015-12-27,83.0,90.3700957142857,95.7142857142857,21.1428571428571,21.9116951428571,23.2857142857143,65.4,75,Dec
2015-12-20,86.2857142857143,95.8720557142857,100.0,20.2857142857143,21.078493,22.8571428571429,63.4,38,Dec
2015-12-13,83.8571428571429,92.1964285714286,98.2857142857143,19.8571428571429,21.2256234285714,22.8571428571429,37.8,42,Dec
2015-12-06,77.0,89.3645065714286,97.4285714285714,19.8571428571429,21.6985995714286,24.5714285714286,17.2,32,Dec
2015-11-29,70.0,89.965492,100.0,18.7142857142857,21.435506,26.8571428571429,17.4,19,Nov
2015-11-22,69.0,87.3481314285714,98.2857142857143,18.4285714285714,21.7231968571429,26.4285714285714,20.200000000000003,28,Nov
2015-11-15,66.5714285714286,83.6762085714286,98.2857142857143,19.4285714285714,22.7195107142857,27.2857142857143,55.4,52,Nov
2015-11-08,58.5714285714286,85.9078071428571,100.0,19.2857142857143,22.860844,29.5714285714286,28.0,39,Nov
2015-11-01,73.625,92.452304875,100.0,19.125,21.16576625,25.125,110.0,36,Nov
2015-10-25,62.2857142857143,85.3344482857143,99.1428571428571,17.8571428571429,21.0600224285714,26.5714285714286,19.8,23,Oct
2015-10-18,53.7142857142857,81.6035767142857,96.5714285714286,17.7142857142857,21.0729975714286,26.5714285714286,34.6,22,Oct
2015-10-11,48.1428571428571,77.0307188571429,94.8571428571429,18.7142857142857,22.9925031428571,30.7142857142857,11.0,13,Oct
2015-10-04,55.7142857142857,78.5288091428571,96.5714285714286,17.4285714285714,21.500238,27.1428571428571,2.6,13,Oct
2015-09-27,53.1428571428571,83.9787137142857,99.1428571428571,18.4285714285714,21.7866457142857,27.8571428571429,46.8,10,Sep
2015-09-20,36.8571428571429,69.8020078571429,94.0,16.7142857142857,22.7433334285714,31.5714285714286,33.8,14,Sep
2015-09-13,46.5714285714286,73.9867734285714,96.7142857142857,16.1428571428571,21.9702382857143,28.8571428571429,0.2,9,Sep
2015-09-06,74.7142857142857,92.1321851428571,100.0,14.2857142857143,17.3067154285714,21.4285714285714,162.20000000000002,6,Sep
2015-08-30,53.4285714285714,81.0912385714286,97.4285714285714,13.8571428571429,18.2429078571429,24.8571428571429,3.8,11,Aug
2015-08-23,61.1428571428571,87.6832891428571,100.0,13.5714285714286,16.8041898571429,22.4285714285714,22.4,4,Aug
2015-08-16,46.5714285714286,74.4909564285714,97.4285714285714,13.5714285714286,18.6755995714286,25.0,0.4,4,Aug
2015-08-09,40.5714285714286,75.0761634285714,100.0,12.5714285714286,18.8903172857143,26.8571428571429,0.6000000000000001,1,Aug
2015-08-02,37.1428571428571,68.738096,95.7142857142857,12.0,18.994048,27.1428571428571,0.2,1,Aug
2015-07-26,39.5714285714286,83.342158,100.0,10.7142857142857,16.0936962857143,24.7142857142857,0.8,3,Jul
2015-07-19,62.2857142857143,82.6915908571429,96.5714285714286,14.0,17.3503497142857,21.8571428571429,23.4,4,Jul
2015-07-12,48.7142857142857,77.3621168571429,97.5714285714286,14.2857142857143,19.8496297142857,26.7142857142857,0.2,4,Jul
2015-07-05,71.7142857142857,88.3649265714286,100.0,13.0,16.244702,19.8571428571429,25.0,5,Jul
2015-06-28,65.4285714285714,86.2104234285714,99.1428571428571,13.5714285714286,16.8737037142857,21.7142857142857,57.4,6,Jun
2015-06-21,60.2857142857143,86.6857948571429,98.2857142857143,12.1428571428571,15.574788,21.0,0.4,8,Jun
2015-06-14,66.7142857142857,84.9816748571429,97.4285714285714,14.0,17.488932,22.4285714285714,7.4,3,Jun
2015-06-07,50.2857142857143,79.0707142857143,98.2857142857143,13.5714285714286,18.7904762857143,25.4285714285714,0.4,1,Jun
2015-05-31,72.1428571428571,92.8378928571429,100.0,14.1428571428571,16.6255412857143,21.0,8.0,13,May
2015-05-24,58.0,81.8865335714286,99.1428571428571,14.8571428571429,19.467963,24.7142857142857,19.0,16,May
2015-05-17,66.1428571428571,87.4941855714286,100.0,15.1428571428571,18.7103678571429,23.0,1.0,27,May
2015-05-10,69.4285714285714,89.0921242857143,99.1428571428571,13.8571428571429,16.7996887142857,20.5714285714286,21.4,39,May
2015-05-03,63.1428571428571,86.2754828571429,99.1428571428571,15.5714285714286,18.0978238571429,22.0,13.6,56,May
2015-04-26,65.4285714285714,87.0310861428571,98.2857142857143,14.7142857142857,17.9091881428571,22.7142857142857,0.8,76,Apr
2015-04-19,67.8571428571429,89.0266535714286,99.1428571428571,18.8571428571429,21.4688432857143,26.1428571428571,31.8,141,Apr
2015-04-12,61.8571428571429,86.1652271428571,99.1428571428571,17.2857142857143,20.9854922857143,26.8571428571429,30.2,293,Apr
2015-04-05,58.5714285714286,83.9810965714286,98.2857142857143,16.1428571428571,20.004762,25.0,2.6,423,Apr
2015-03-29,60.8571428571429,83.5864885714286,98.2857142857143,18.0,21.718027,26.7142857142857,13.0,454,Mar
2015-03-22,58.1428571428571,83.2497902857143,100.0,17.1428571428571,21.1185891428571,26.7142857142857,6.8,473,Mar
2015-03-15,68.0,89.7721351428571,100.0,18.7142857142857,21.104141,25.4285714285714,98.6,676,Mar
2015-03-08,70.4285714285714,88.9730085714286,100.0,19.2857142857143,22.0999042857143,26.4285714285714,34.8,857,Mar
2015-03-01,54.0,83.2091701428571,99.1428571428571,18.2857142857143,22.2449122857143,28.7142857142857,52.0,789,Mar
2015-02-22,53.2857142857143,82.2875464285714,99.1428571428571,19.0,23.1994194285714,29.7142857142857,18.200000000000003,944,Feb
2015-02-15,56.7142857142857,84.237788,98.2857142857143,20.0,23.0002092857143,27.7142857142857,93.0,1084,Feb
2015-02-08,54.0,82.334846,99.1428571428571,19.8571428571429,24.1454005714286,30.4285714285714,11.8,1227,Feb
2015-02-01,66.2857142857143,88.4474357142857,99.1428571428571,18.7142857142857,21.4049721428571,26.1428571428571,107.6,1047,Feb
2015-01-25,56.8571428571429,78.9426182857143,96.5714285714286,19.4285714285714,23.6500002857143,28.2857142857143,77.2,687,Jan
2015-01-18,48.2857142857143,78.1097045714286,98.2857142857143,20.1428571428571,24.5500421428571,30.5714285714286,19.4,451,Jan
2015-01-11,40.7142857142857,76.6296522857143,99.1428571428571,20.2857142857143,25.7108014285714,33.5714285714286,32.0,321,Jan
2015-01-04,46.1428571428571,78.8912112857143,99.1428571428571,19.2857142857143,24.3238548571429,31.1428571428571,79.39999999999999,230,Jan
2014-12-28,48.5714285714286,72.8251314285714,93.5714285714286,20.8571428571429,25.5665008571429,32.0,21.8,126,Dec
2014-12-21,54.2857142857143,82.6224137142857,97.5714285714286,19.7142857142857,23.3272647142857,28.5714285714286,72.6,87,Dec
2014-12-14,52.2857142857143,78.5099217142857,99.1428571428571,16.7142857142857,21.6468251428571,28.4285714285714,15.6,61,Dec
2014-12-07,56.2857142857143,82.0046597142857,98.2857142857143,19.0,22.7689118571429,27.8571428571429,97.6,33,Dec
2014-11-30,51.8571428571429,78.8082222857143,96.7142857142857,17.5714285714286,21.7027474285714,27.4285714285714,20.6,10,Nov
2014-11-23,57.7142857142857,85.9450461428571,100.0,19.0,21.6833974285714,26.2857142857143,42.2,10,Nov
2014-11-16,45.7142857142857,72.823096,91.4285714285714,16.0,20.8061905714286,27.4285714285714,3.6,11,Nov
2014-11-09,57.4285714285714,82.3546251428571,97.4285714285714,16.4285714285714,19.824966,25.1428571428571,26.2,5,Nov
2014-11-02,62.7142857142857,85.6389692857143,100.0,18.5714285714286,21.7920161428571,27.1428571428571,55.8,14,Nov
2014-10-26,41.7142857142857,72.8014468571429,96.5714285714286,16.8571428571429,22.0174542857143,29.5714285714286,19.6,14,Oct
2014-10-19,53.7142857142857,78.8589372857143,95.7142857142857,16.5714285714286,20.0341442857143,26.4285714285714,13.4,10,Oct
2014-10-12,33.0,64.6412451428571,91.4285714285714,17.4285714285714,23.6464197142857,32.4285714285714,0.0,4,Oct
2014-10-05,27.4285714285714,60.973096,89.7142857142857,12.4285714285714,19.5385714285714,27.8571428571429,0.0,14,Oct
2014-09-28,50.2857142857143,76.7717314285714,94.8571428571429,15.7142857142857,18.8753258571429,24.5714285714286,4.2,8,Sep
2014-09-21,49.0,75.8672608571429,93.1428571428571,14.8571428571429,18.8679654285714,25.4285714285714,25.0,12,Sep
2014-09-14,49.5714285714286,72.9644494285714,91.4285714285714,15.7142857142857,19.7904762857143,25.5714285714286,5.2,13,Sep
2014-09-07,24.5714285714286,58.8027948571429,88.0,15.0,20.9914597142857,29.2857142857143,0.0,17,Sep
2014-08-31,42.0,75.8533608571429,95.7142857142857,13.5714285714286,17.8916664285714,25.8571428571429,41.0,15,Aug
2014-08-24,41.1428571428571,68.490834,91.4285714285714,12.1428571428571,17.4631518571429,24.1428571428571,9.0,20,Aug
2014-08-17,41.1428571428571,74.2663134285714,97.4285714285714,12.7142857142857,17.9495395714286,25.4285714285714,2.4,19,Aug
2014-08-10,50.2857142857143,77.9726957142857,96.5714285714286,11.5714285714286,16.0787354285714,21.8571428571429,17.799999999999997,8,Aug
2014-08-03,38.8571428571429,69.9207137142857,96.4285714285714,10.4285714285714,16.5350365714286,23.7142857142857,0.2,14,Aug
2014-07-27,59.7142857142857,83.8767642857143,97.4285714285714,12.1428571428571,15.0167688571429,20.1428571428571,2.0,13,Jul
2014-07-20,54.1428571428571,77.069373,95.8571428571429,12.0,15.6713221428571,21.0,10.6,15,Jul
2014-07-13,43.2857142857143,77.9059708571429,96.5714285714286,12.2857142857143,15.850282,22.0,0.8,11,Jul
2014-07-06,63.0,83.7830951428571,100.0,13.7142857142857,16.3239118571429,20.1428571428571,33.6,8,Jul
2014-06-29,33.7142857142857,67.0416662857143,93.0,11.8571428571429,17.7142857142857,25.2857142857143,0.0,14,Jun
2014-06-22,41.8571428571429,77.2649265714286,99.1428571428571,12.7142857142857,17.9268497142857,25.2857142857143,0.2,15,Jun
2014-06-15,58.8571428571429,83.8897337142857,97.4285714285714,13.8571428571429,16.8598875714286,21.2857142857143,0.4,9,Jun
2014-06-08,52.5714285714286,79.8057604285714,97.4285714285714,15.2857142857143,18.8784795714286,24.1428571428571,0.2,7,Jun
2014-06-01,46.4285714285714,78.3267301428571,100.0,11.8571428571429,16.892104,23.5714285714286,14.4,16,Jun
2014-05-25,63.7142857142857,85.0908001428571,99.1428571428571,12.2857142857143,15.6647334285714,19.5714285714286,13.2,29,May
2014-05-18,58.8571428571429,84.2323357142857,100.0,14.7142857142857,18.0089772857143,23.2857142857143,31.6,45,May
2014-05-11,46.5714285714286,78.7687042857143,98.2857142857143,13.0,17.287855,23.5714285714286,0.6000000000000001,75,May
2014-05-04,45.0,76.6986502857143,99.1428571428571,14.4285714285714,18.9581784285714,25.1428571428571,0.8,93,May
2014-04-27,49.0,72.51974,93.2857142857143,13.0,17.5108441428571,22.7142857142857,0.0,169,Apr
2014-04-20,60.4285714285714,81.4274145714286,98.2857142857143,16.5714285714286,19.2961037142857,23.0,1.6,283,Apr
2014-04-13,64.8571428571429,88.2563914285714,100.0,17.5714285714286,20.2746194285714,24.4285714285714,51.2,432,Apr
2014-04-06,45.0,79.5867357142857,99.1428571428571,17.2857142857143,22.3148905714286,29.2857142857143,12.4,387,Apr
2014-03-30,57.4285714285714,83.0748002857143,95.7142857142857,18.4285714285714,21.5402955714286,26.8571428571429,10.2,629,Mar
2014-03-23,56.7142857142857,78.3158405714286,93.1428571428571,17.1428571428571,20.4434982857143,24.5714285714286,3.2,776,Mar
2014-03-16,42.1428571428571,73.2051277142857,93.1428571428571,20.2857142857143,24.0963124285714,30.1428571428571,32.6,873,Mar
2014-03-09,45.8571428571429,78.1273671428571,97.4285714285714,19.5714285714286,23.3435697142857,29.5714285714286,23.8,770,Mar
2014-03-02,54.4285714285714,82.7642314285714,96.5714285714286,18.7142857142857,21.7048507142857,26.8571428571429,51.2,419,Mar
2014-02-23,42.8571428571429,73.9960762857143,94.8571428571429,19.4285714285714,23.6766644285714,29.8571428571429,83.60000000000001,301,Feb
2014-02-16,48.5714285714286,76.5266268571429,93.1428571428571,18.2857142857143,22.1574625714286,27.4285714285714,12.8,136,Feb
2014-02-09,36.1428571428571,67.193338,91.7142857142857,20.0,25.008728,31.8571428571429,53.0,62,Feb
2014-02-02,27.2857142857143,57.7126194285714,84.5714285714286,21.2857142857143,27.2540477142857,34.7142857142857,4.4,45,Feb
2014-01-26,30.2857142857143,62.5700265714286,89.8571428571429,18.8571428571429,25.6074601428571,32.8571428571429,2.2,26,Jan
2014-01-19,41.1428571428571,73.1432348571429,95.7142857142857,18.4285714285714,23.9227968571429,31.2857142857143,60.8,20,Jan
2014-01-12,42.2857142857143,76.2644685714286,94.0,18.8571428571429,22.8153152857143,29.7142857142857,61.400000000000006,20,Jan
2014-01-05,32.2857142857143,69.1064682857143,91.4285714285714,19.4285714285714,24.3763595714286,32.1428571428571,37.0,15,Jan
2013-12-29,43.1428571428571,71.0314832857143,92.2857142857143,21.1428571428571,25.5076418571429,31.1428571428571,17.0,8,Dec
2013-12-22,44.8571428571429,72.7150782857143,94.8571428571429,18.2857142857143,23.28,29.8571428571429,3.4000000000000004,16,Dec
2013-12-15,50.0,74.3513717142857,89.8571428571429,17.5714285714286,20.9458972857143,26.4285714285714,0.0,18,Dec
2013-12-08,58.0,78.4125734285714,93.1428571428571,18.4285714285714,21.748956,26.5714285714286,30.4,4,Dec
2013-12-01,46.5714285714286,75.1134768571429,92.2857142857143,19.0,23.2065277142857,29.4285714285714,39.8,5,Dec
2013-11-24,59.0,82.9544042857143,95.7142857142857,18.4285714285714,20.9910191428571,25.7142857142857,25.600000000000005,11,Nov
2013-11-17,57.8571428571429,80.0612044285714,94.8571428571429,18.1428571428571,21.2282635714286,26.1428571428571,47.4,12,Nov
2013-11-10,36.1428571428571,64.9561331428571,89.4285714285714,16.5714285714286,22.7318542857143,29.5714285714286,0.0,14,Nov
2013-11-03,58.7142857142857,80.3543957142857,94.8571428571429,15.5714285714286,18.8580585714286,23.7142857142857,65.0,6,Nov
2013-10-27,56.5714285714286,76.1065594285714,88.0,15.1428571428571,18.2093352857143,23.2857142857143,1.8,7,Oct
2013-10-20,46.0,74.9165562857143,94.0,17.7142857142857,22.1696435714286,29.2857142857143,10.4,5,Oct
2013-10-13,51.5714285714286,78.7815255714286,95.0,15.8571428571429,19.936149,25.0,59.4,12,Oct
2013-10-06,45.8571428571429,74.781406,94.8571428571429,12.2857142857143,16.4164264285714,22.0,0.2,9,Oct
2013-09-29,68.4285714285714,86.1505111428571,96.5714285714286,15.8571428571429,18.4172715714286,22.1428571428571,60.4,6,Sep
2013-09-22,54.8571428571429,80.3109321428571,94.7142857142857,12.8571428571429,15.9492852857143,21.8571428571429,48.0,10,Sep
2013-09-15,53.7142857142857,75.6580295714286,94.0,15.7142857142857,19.9026334285714,25.8571428571429,27.0,10,Sep
2013-09-08,27.8571428571429,63.5979942857143,94.8571428571429,12.1428571428571,19.6839018571429,28.4285714285714,0.0,4,Sep
2013-09-01,47.1428571428571,73.3949194285714,94.8571428571429,13.4285714285714,17.9060585714286,24.0,4.0,2,Sep
2013-08-25,36.7142857142857,72.216428,94.7142857142857,11.0,15.9846485714286,23.7142857142857,1.6,5,Aug
2013-08-18,40.1428571428571,74.9832142857143,94.8571428571429,12.7142857142857,17.295665,24.8571428571429,0.2,4,Aug
2013-08-11,55.5714285714286,80.2917448571429,96.4285714285714,9.28571428571429,13.6321987142857,19.8571428571429,3.4000000000000004,4,Aug
2013-08-04,43.5714285714286,71.1608928571429,94.0,12.8571428571429,18.569524,25.8571428571429,0.4,4,Aug
2013-07-28,27.8571428571429,71.6989765714286,98.2857142857143,8.14285714285714,15.2151617142857,25.1428571428571,0.6000000000000001,2,Jul
2013-07-21,73.1428571428571,86.1662942857143,99.1428571428571,9.85714285714286,13.0603888571429,16.1428571428571,39.0,5,Jul
2013-07-14,45.4285714285714,77.7778808571429,97.4285714285714,12.1428571428571,17.3293448571429,25.0,5.2,6,Jul
2013-07-07,57.0,81.086972,98.2857142857143,12.0,16.2336737142857,22.1428571428571,0.6000000000000001,5,Jul
2013-06-30,58.4285714285714,86.3967857142857,97.4285714285714,13.8571428571429,16.2136118571429,20.7142857142857,65.0,2,Jun
2013-06-23,69.7142857142857,87.1120208571429,97.4285714285714,15.4285714285714,17.5988404285714,20.8571428571429,106.6,2,Jun
2013-06-16,55.4285714285714,80.8195737142857,96.5714285714286,14.0,17.9887648571429,22.7142857142857,16.8,4,Jun
2013-06-09,54.0,84.0053494285714,98.2857142857143,14.7142857142857,17.6945292857143,23.0,3.2000000000000006,6,Jun
2013-06-02,56.7142857142857,84.315844,97.4285714285714,12.2857142857143,16.3940148571429,22.1428571428571,13.8,5,Jun
2013-05-26,58.4285714285714,83.7774048571429,96.5714285714286,13.7142857142857,16.6632739285714,20.8571428571429,16.599999999999998,7,May
2013-05-19,64.0,84.8994857142857,98.2857142857143,14.7142857142857,17.61847,21.7142857142857,17.2,10,May
2013-05-12,50.4285714285714,77.0078054285714,94.0,14.0,18.8064711428571,25.0,0.4,14,May
2013-05-05,41.2857142857143,78.5852288571429,99.1428571428571,10.8571428571429,15.9345291428571,22.7142857142857,2.4,14,May
2013-04-28,49.4285714285714,78.8915934285714,97.4285714285714,15.1428571428571,19.8304431428571,27.0,0.4,22,Apr
2013-04-21,48.2857142857143,77.616498,94.8571428571429,13.0,17.4410825714286,23.2857142857143,0.0,27,Apr
2013-04-14,51.5714285714286,78.4111908571429,95.7142857142857,13.2857142857143,17.3440477142857,22.7142857142857,1.0,42,Apr
2013-04-07,68.2857142857143,82.6070065714286,94.8571428571429,18.1428571428571,20.9228228571429,24.5714285714286,54.0,34,Apr
2013-03-31,59.7142857142857,81.615005,95.7142857142857,18.7142857142857,21.6570641428571,26.5714285714286,20.2,57,Mar
2013-03-24,57.5714285714286,82.4224414285714,95.7142857142857,17.0,19.9262648571429,24.8571428571429,19.6,68,Mar
2013-03-17,72.4285714285714,85.7842254285714,95.7142857142857,16.5714285714286,19.2568392857143,22.1428571428571,40.6,81,Mar
2013-03-10,55.5714285714286,79.7027468571429,94.8571428571429,19.5714285714286,22.906317,27.2857142857143,67.2,68,Mar
2013-03-03,47.1428571428571,79.1508157142857,96.5714285714286,19.8571428571429,23.6688737142857,30.5714285714286,31.8,73,Mar
2013-02-24,56.0,76.4747005714286,94.0,18.8571428571429,22.7087178571429,27.8571428571429,32.2,29,Feb
2013-02-17,43.1428571428571,74.6947761428571,94.8571428571429,18.7142857142857,23.2177862857143,30.2857142857143,73.2,53,Feb
2013-02-10,45.8571428571429,79.3187977142857,96.5714285714286,18.8571428571429,22.9466621428571,30.4285714285714,108.0,62,Feb
2013-02-03,66.2857142857143,84.4876021428571,97.4285714285714,17.7142857142857,20.4553762857143,24.7142857142857,33.6,32,Feb
2013-01-27,67.7142857142857,82.2094871428571,92.2857142857143,19.2857142857143,21.4038124285714,25.2857142857143,76.99999999999999,39,Jan
2013-01-20,60.4285714285714,79.598382,94.8571428571429,18.4285714285714,21.415206,26.0,46.2,24,Jan
2013-01-13,53.4285714285714,82.1908808571429,94.8571428571429,18.1428571428571,20.9645497142857,26.0,96.4,12,Jan
2013-01-06,60.0,81.3423885714286,98.2857142857143,18.4285714285714,21.6797781428571,26.0,52.400000000000006,9,Jan
2012-12-30,57.1428571428571,81.7292062857143,99.1428571428571,19.1428571428571,22.6256405714286,28.2857142857143,47.6,2,Dec
2012-12-23,54.0,80.1872054285714,98.2857142857143,20.2857142857143,24.0655802857143,29.5714285714286,55.8,9,Dec
2012-12-16,54.2857142857143,83.1930281428571,98.2857142857143,20.0,23.0796585714286,28.4285714285714,157.8,8,Dec
2012-12-09,54.7142857142857,79.5063314285714,97.5714285714286,20.5714285714286,24.0020661428571,29.1428571428571,89.80000000000001,2,Dec
2012-12-02,42.4285714285714,78.2679768571429,100.0,18.8571428571429,24.033833,31.2857142857143,2.8,9,Dec
2012-11-25,50.8571428571429,82.4324422857143,99.1428571428571,17.5714285714286,20.6497385714286,27.0,35.0,4,Nov
2012-11-18,39.7142857142857,72.4428657142857,99.1428571428571,15.8571428571429,21.0522487142857,28.4285714285714,5.8,2,Nov
2012-11-11,64.5714285714286,84.7792037142857,100.0,15.5714285714286,18.7083924285714,22.7142857142857,50.2,12,Nov
2012-11-04,59.2857142857143,81.72811,96.7142857142857,18.0,20.9479618571429,25.8571428571429,72.2,6,Nov
2012-10-28,40.0,76.829813,100.0,18.7142857142857,22.80229,29.4285714285714,26.6,6,Oct
2012-10-21,42.8571428571429,78.7883197142857,99.1428571428571,18.0,22.424241,29.1428571428571,32.2,3,Oct
2012-10-14,50.5714285714286,77.0252814285714,97.4285714285714,15.0,18.9456102857143,25.0,14.2,4,Oct
2012-10-07,45.5714285714286,76.5101025714286,96.8571428571429,15.8571428571429,20.0941111428571,26.2857142857143,25.8,9,Oct
2012-09-30,33.8571428571429,72.3744317142857,98.2857142857143,15.4285714285714,20.9809502857143,30.2857142857143,5.6000000000000005,6,Sep
2012-09-23,48.4285714285714,74.7208505714286,96.5714285714286,11.4285714285714,15.2770068571429,20.5714285714286,7.4,9,Sep
2012-09-16,39.7142857142857,64.6499355714286,92.8571428571429,16.8571428571429,22.3423635714286,28.4285714285714,18.200000000000003,5,Sep
2012-09-09,38.2857142857143,71.8166668571429,99.1428571428571,16.5714285714286,21.1245237142857,28.7142857142857,0.4,2,Sep
2012-09-02,33.4285714285714,70.5911902857143,100.0,13.1428571428571,19.0747617142857,27.5714285714286,0.6000000000000001,6,Sep
2012-08-26,41.2857142857143,76.2589465714286,98.2857142857143,13.0,17.0237258571429,24.2857142857143,0.0,1,Aug
2012-08-19,31.4285714285714,68.4776182857143,100.0,12.7142857142857,18.4959522857143,26.1428571428571,0.4,3,Aug
2012-08-12,41.8571428571429,74.9789382857143,99.1428571428571,13.1428571428571,18.0984434285714,24.7142857142857,0.2,1,Aug
2012-08-05,42.0,79.8988035714286,100.0,11.7142857142857,15.9623118571429,23.0,0.6000000000000001,3,Aug
2012-07-29,51.0,79.6660442857143,100.0,13.2857142857143,17.591012,23.2857142857143,0.4,5,Jul
2012-07-22,41.7142857142857,74.0990558571429,98.2857142857143,13.8571428571429,18.8819577142857,25.8571428571429,0.0,4,Jul
2012-07-15,59.2857142857143,84.1859431428571,100.0,8.71428571428571,13.348927,18.8571428571429,52.8,7,Jul
2012-07-08,51.8571428571429,81.4715385714286,99.1428571428571,10.5714285714286,14.751392,20.2857142857143,17.6,8,Jul
2012-07-01,44.4285714285714,75.3993694285714,97.4285714285714,12.2857142857143,17.7851515714286,24.8571428571429,0.4,6,Jul
2012-06-24,56.2857142857143,85.4585705714286,100.0,11.5714285714286,15.8765811428571,21.8571428571429,0.2,3,Jun
2012-06-17,63.5714285714286,85.5080914285714,100.0,13.7142857142857,17.0992268571429,20.7142857142857,78.6,6,Jun
2012-06-10,63.4285714285714,90.4050408571429,100.0,15.1428571428571,17.4617274285714,22.4285714285714,16.799999999999997,4,Jun
2012-06-03,67.0,87.2509987142857,100.0,14.5714285714286,17.3415245714286,20.4285714285714,133.2,4,Jun
2012-05-27,59.8571428571429,85.1127648571428,100.0,15.0,18.7182234285714,23.7142857142857,11.2,5,May
2012-05-20,53.5714285714286,85.0657651428571,100.0,13.7142857142857,17.1019295714286,22.7142857142857,22.200000000000003,8,May
2012-05-13,64.2857142857143,87.7747548571429,100.0,13.5714285714286,15.9056872142857,18.8571428571429,16.0,4,May
2012-05-06,53.5714285714286,81.8088158571429,100.0,14.4285714285714,18.1323334285714,23.2857142857143,3.4000000000000004,8,May
2012-04-29,66.2857142857143,88.4082557142857,100.0,12.5714285714286,16.20073,20.8571428571429,63.2,9,Apr
2012-04-22,62.2857142857143,88.56399,100.0,16.1428571428571,19.2442428571429,23.8571428571429,26.6,12,Apr
2012-04-15,59.7142857142857,84.9344798571429,100.0,16.7142857142857,20.0736995714286,25.0,32.0,9,Apr
2012-04-08,53.0,82.4593811428571,100.0,18.7142857142857,22.3366897142857,28.0,42.2,10,Apr
2012-04-01,50.0,81.5147221428571,100.0,17.7142857142857,21.5598135714286,28.1428571428571,0.6000000000000001,12,Apr
2012-03-25,56.7142857142857,84.6042972857143,100.0,17.2857142857143,20.7405295714286,26.5714285714286,53.2,19,Mar
2012-03-18,47.1428571428571,78.4772185714286,100.0,16.8571428571429,21.2774941428571,27.2857142857143,43.2,22,Mar
2012-03-11,52.7142857142857,82.255228,97.5714285714286,17.8571428571429,21.3684658571429,27.2857142857143,89.0,33,Mar
2012-03-04,41.7142857142857,76.5510077142857,97.5714285714286,17.7142857142857,21.9062714285714,29.0,26.8,22,Mar
2012-02-26,42.8571428571429,75.2438817142857,98.2857142857143,19.7142857142857,24.4360455714286,31.1428571428571,0.0,22,Feb
2012-02-19,55.5714285714286,83.0334891428571,100.0,19.4285714285714,22.8850482857143,28.1428571428571,9.2,21,Feb
2012-02-12,48.8571428571429,84.3896191428571,100.0,18.5714285714286,22.0534661428571,28.1428571428571,48.0,27,Feb
2012-02-05,36.7142857142857,72.7202454285714,98.2857142857143,19.1428571428571,24.1441341428571,31.2857142857143,40.6,17,Feb
2012-01-29,42.4285714285714,77.8154167142857,100.0,16.1428571428571,21.497298,28.1428571428571,0.2,14,Jan
2012-01-22,65.2857142857143,86.9065468571429,100.0,17.1428571428571,20.3718112857143,25.0,113.6,14,Jan
2012-01-15,61.1428571428571,87.2337057142857,100.0,18.1428571428571,20.9987065714286,25.7142857142857,149.2,7,Jan
2012-01-08,60.5714285714286,82.1617297142857,96.8571428571429,18.1428571428571,21.049774,25.1428571428571,35.800000000000004,6,Jan
2012-01-01,48.1428571428571,81.1000092857143,100.0,15.4285714285714,20.4603808571429,27.4285714285714,55.6,16,Jan
2011-12-25,66.375,85.714539,99.25,18.125,20.1460045,24.5,80.4,21,Dec
2011-12-18,33.7142857142857,64.5542951428571,97.5714285714286,17.5714285714286,23.6853502857143,31.0,39.2,8,Dec
2011-12-11,40.2857142857143,72.0054954285714,97.4285714285714,16.2857142857143,22.0083648571429,28.8571428571429,61.6,9,Dec
2011-12-04,60.2857142857143,87.5664395714286,99.1428571428571,18.2857142857143,20.522076,25.5714285714286,168.4,8,Dec
2011-11-27,56.8571428571429,81.1742875714286,98.2857142857143,16.5714285714286,20.0067662857143,25.1428571428571,71.6,8,Nov
2011-11-20,46.8571428571429,76.2509507142857,100.0,15.5714285714286,20.4636755714286,26.8571428571429,20.4,6,Nov
2011-11-13,67.1428571428571,85.5513531428571,97.4285714285714,15.2857142857143,17.5901891428571,21.0,170.0,8,Nov
2011-11-06,41.4285714285714,75.0911757142857,100.0,15.5714285714286,20.5645418571429,27.8571428571429,25.6,4,Nov
2011-10-30,47.7142857142857,76.0306128571429,94.8571428571429,12.1428571428571,16.3172422857143,22.2857142857143,39.6,6,Oct
2011-10-23,38.1428571428571,70.215816,96.0,16.7142857142857,21.9370702857143,28.8571428571429,26.0,5,Oct
2011-10-16,61.4285714285714,79.9949265714286,95.7142857142857,13.5714285714286,16.4940175714286,20.4285714285714,78.80000000000001,3,Oct
2011-10-09,66.4285714285714,87.7640672857143,100.0,17.8571428571429,20.3187645714286,24.4285714285714,198.0,5,Oct
2011-10-02,41.5714285714286,76.677235,99.1428571428571,15.5714285714286,19.9943045714286,27.2857142857143,24.8,7,Oct
2011-09-25,38.1428571428571,67.7545127142857,92.4285714285714,13.2857142857143,18.7431495714286,26.8571428571429,0.0,2,Sep
2011-09-18,41.7142857142857,76.8491792857143,95.2857142857143,14.2857142857143,18.34574,26.2857142857143,6.4,4,Sep
2011-09-11,56.0,81.9501457142857,100.0,14.5714285714286,16.9878037142857,22.1428571428571,0.0,1,Sep
2011-09-04,37.5714285714286,71.308456,97.4285714285714,13.0,18.7949225714286,27.4285714285714,0.8,7,Sep
2011-08-28,40.5714285714286,71.4402234285714,97.2857142857143,11.1428571428571,17.0364377142857,24.5714285714286,59.6,4,Aug
2011-08-21,66.7142857142857,89.7932022857143,100.0,13.7142857142857,16.1781747142857,20.1428571428571,23.200000000000003,7,Aug
2011-08-14,37.4285714285714,76.8947908571429,96.7142857142857,13.7142857142857,18.4140352857143,26.5714285714286,40.4,6,Aug
2011-08-07,45.4285714285714,79.5099471428571,100.0,13.8571428571429,18.7088774285714,26.0,2.4,9,Aug
2011-07-31,50.1428571428571,79.4620968571429,97.1428571428571,10.5714285714286,14.8734142857143,21.2857142857143,8.4,4,Jul
2011-07-24,43.7142857142857,75.7516297142857,99.1428571428571,12.1428571428571,17.1957328571429,24.1428571428571,2.4,8,Jul
2011-07-17,53.0,84.1622257142857,100.0,13.5714285714286,17.4198058571429,24.1428571428571,5.6000000000000005,6,Jul
2011-07-10,37.2857142857143,77.6444565714286,100.0,10.5714285714286,17.0939117142857,26.0,0.8,5,Jul
2011-07-03,62.1428571428571,88.7037657142857,100.0,9.42857142857143,12.8954058571429,18.1428571428571,1.2000000000000002,10,Jul
2011-06-26,56.8571428571429,87.8876828571429,100.0,9.57142857142857,14.4427276428571,20.7142857142857,32.0,8,Jun
2011-06-19,56.1428571428571,85.5420907142857,100.0,12.8571428571429,17.1599408571429,23.8571428571429,0.8,6,Jun
2011-06-12,50.8571428571429,83.8564177142857,100.0,10.1428571428571,14.4331665714286,21.5714285714286,0.4,10,Jun
2011-06-05,56.4285714285714,84.702758,100.0,8.28571428571429,12.9080337142857,18.5714285714286,81.60000000000001,5,Jun
2011-05-29,53.7142857142857,85.3847091428571,99.1428571428571,9.71428571428571,14.0197877142857,20.4285714285714,1.2000000000000002,3,May
2011-05-22,51.5714285714286,82.7793317142857,100.0,12.1428571428571,16.3472124285714,22.0,0.4,10,May
2011-05-15,56.2857142857143,87.06698,100.0,11.5714285714286,15.1262448571429,20.7142857142857,30.0,7,May
2011-05-08,61.0,85.4950608571429,100.0,15.1428571428571,18.4799345714286,23.1428571428571,2.0,13,May
2011-05-01,55.1428571428571,82.0897495714286,98.2857142857143,13.4285714285714,18.0154967142857,24.0,14.4,25,May
2011-04-24,64.0,85.6940497142857,99.1428571428571,15.5714285714286,18.4863351428571,22.4285714285714,12.4,23,Apr
2011-04-17,47.5714285714286,79.5378382857143,99.1428571428571,18.2857142857143,22.404165,28.1428571428571,22.4,44,Apr
2011-04-10,46.2857142857143,82.6116478571429,100.0,16.8571428571429,21.2922947142857,27.8571428571429,88.4,55,Apr
2011-04-03,60.0,87.771625,100.0,16.7142857142857,19.6652842857143,24.7142857142857,44.8,75,Apr
2011-03-27,58.7142857142857,84.5913942857143,98.2857142857143,19.0,21.994909,27.5714285714286,1.2,73,Mar
